Display Name,Species ID,HP,Attack,Defense,Speed,Sp. Attack,Sp. Defense,Total Stats,Type 1,Type 2,Growth Rate,Evolution Species,Evolution Method,Evolution Level,
Happiny,HAPPINY,100,5,5,30,15,65,220,TYPE_NORMAL,TYPE_NORMAL,GROWTH_FAST,CHANSEY,EVO_ITEM_HOLD,ITEM_OVAL_STONE,
Happiny,HAPPINY,100,5,5,30,15,65,220,TYPE_NORMAL,TYPE_NORMAL,GROWTH_FAST,CHANSEY,EVO_ITEM,ITEM_OVAL_STONE,
Chansey,CHANSEY,250,5,5,50,35,105,450,TYPE_NORMAL,TYPE_NORMAL,GROWTH_FAST,BLISSEY,EVO_FRIENDSHIP,0,
Blissey,BLISSEY,255,10,10,55,75,135,540,TYPE_NORMAL,TYPE_NORMAL,GROWTH_FAST,NONE,NONE,0,
Magikarp,MAGIKARP,20,10,55,80,15,20,200,TYPE_WATER,TYPE_WATER,GROWTH_SLOW,GYARADOS,EVO_LEVEL,20,
Shuckle,SHUCKLE,20,10,230,5,10,230,505,TYPE_BUG,TYPE_ROCK,GROWTH_MEDIUM_SLOW,NONE,NONE,0,
Feebas,FEEBAS,20,15,20,80,10,55,200,TYPE_WATER,TYPE_WATER,GROWTH_ERRATIC,MILOTIC,EVO_BEAUTY,170,
Feebas,FEEBAS,20,15,20,80,10,55,200,TYPE_WATER,TYPE_WATER,GROWTH_ERRATIC,MILOTIC,EVO_ITEM,ITEM_PRISM_SCALE,
Metapod,METAPOD,70,20,55,30,25,25,225,TYPE_BUG,TYPE_BUG,GROWTH_MEDIUM_FAST,BUTTERFREE,EVO_LEVEL,10,
Abra,ABRA,25,20,15,90,105,55,310,TYPE_PSYCHIC,TYPE_PSYCHIC,GROWTH_MEDIUM_SLOW,KADABRA,EVO_LEVEL,16,
Togepi,TOGEPI,45,20,65,20,40,65,255,UNKNOWN,UNKNOWN,GROWTH_FAST,TOGETIC,EVO_FRIENDSHIP,0,
Marill,MARILL,70,20,50,40,20,50,250,TYPE_WATER,TYPE_FAIRY,GROWTH_FAST,AZUMARILL,EVO_LEVEL,18,"+35 to atk, +15 to def, +30 to spatk, +15 to spdef"
Mantyke,MANTYKE,45,20,50,50,60,120,345,TYPE_WATER,TYPE_FLYING,GROWTH_SLOW,MANTINE,EVO_SPECIFIC_MON_IN_PARTY,SPECIES_REMORAID,
Smeargle,SMEARGLE,55,20,35,75,20,45,250,TYPE_NORMAL,TYPE_NORMAL,GROWTH_FAST,NONE,NONE,0,
Wynaut,WYNAUT,95,23,48,23,23,48,260,TYPE_PSYCHIC,TYPE_PSYCHIC,GROWTH_MEDIUM_FAST,WOBBUFFET,EVO_LEVEL,15,
Bronzor,BRONZOR,57,24,86,23,24,86,300,TYPE_STEEL,TYPE_PSYCHIC,GROWTH_MEDIUM_FAST,BRONZONG,EVO_LEVEL,33,
Kakuna,KAKUNA,65,25,50,35,25,25,225,TYPE_BUG,TYPE_POISON,GROWTH_MEDIUM_FAST,BEEDRILL,EVO_LEVEL,10,
Cleffa,CLEFFA,50,25,28,15,45,55,218,UNKNOWN,UNKNOWN,GROWTH_FAST,CLEFAIRY,EVO_FRIENDSHIP,0,
Mime Jr.,MIME_JR,20,25,45,60,70,90,310,TYPE_PSYCHIC,TYPE_FAIRY,GROWTH_MEDIUM_FAST,MR_MIME,EVO_MOVE,MOVE_MIMIC,
Mime Jr.,MIME_JR,20,25,45,60,70,90,310,TYPE_PSYCHIC,TYPE_FAIRY,GROWTH_MEDIUM_FAST,MR_MIME_GALAR,EVO_NONE,0,
Ralts,RALTS,30,25,25,40,45,35,200,UNKNOWN,UNKNOWN,GROWTH_SLOW,KIRLIA,EVO_LEVEL,20,
Spoink,SPOINK,60,25,35,60,70,80,330,TYPE_PSYCHIC,TYPE_PSYCHIC,GROWTH_FAST,GRUMPIG,EVO_LEVEL,32,
Burmy,BURMY_PLANT,40,29,45,36,29,45,224,TYPE_BUG,TYPE_BUG,GROWTH_MEDIUM_FAST,WORMADAM_PLANT,EVO_LEVEL_FEMALE,20,
Burmy,BURMY_PLANT,40,29,45,36,29,45,224,TYPE_BUG,TYPE_BUG,GROWTH_MEDIUM_FAST,MOTHIM_PLANT,EVO_LEVEL_MALE,20,
Burmy,BURMY_SANDY,40,29,45,36,29,45,224,TYPE_BUG,TYPE_BUG,GROWTH_MEDIUM_FAST,WORMADAM_SANDY,EVO_LEVEL_FEMALE,20,
Burmy,BURMY_SANDY,40,29,45,36,29,45,224,TYPE_BUG,TYPE_BUG,GROWTH_MEDIUM_FAST,MOTHIM_SANDY,EVO_LEVEL_MALE,20,
Burmy,BURMY_TRASH,40,29,45,36,29,45,224,TYPE_BUG,TYPE_BUG,GROWTH_MEDIUM_FAST,WORMADAM_TRASH,EVO_LEVEL_FEMALE,20,
Burmy,BURMY_TRASH,40,29,45,36,29,45,224,TYPE_BUG,TYPE_BUG,GROWTH_MEDIUM_FAST,MOTHIM_TRASH,EVO_LEVEL_MALE,20,
Caterpie,CATERPIE,45,30,35,45,25,20,200,TYPE_BUG,TYPE_BUG,GROWTH_MEDIUM_FAST,METAPOD,EVO_LEVEL,7,
Igglybuff,IGGLYBUFF,90,30,20,15,40,20,215,UNKNOWN,UNKNOWN,GROWTH_FAST,JIGGLYPUFF,EVO_FRIENDSHIP,0,
Voltorb,VOLTORB,40,30,50,100,55,55,330,TYPE_ELECTRIC,TYPE_ELECTRIC,GROWTH_MEDIUM_FAST,ELECTRODE,EVO_LEVEL,30,
Voltorb,VOLTORB_HISUI,40,30,50,100,55,55,330,TYPE_ELECTRIC,TYPE_GRASS,GROWTH_MEDIUM_FAST,ELECTRODE_HISUI,EVO_ITEM,ITEM_LEAF_STONE,
Smoochum,SMOOCHUM,45,30,15,65,85,65,305,TYPE_ICE,TYPE_PSYCHIC,GROWTH_MEDIUM_FAST,JYNX,EVO_LEVEL,30,
Hoothoot,HOOTHOOT,60,30,30,50,40,60,270,TYPE_NORMAL,TYPE_FLYING,GROWTH_MEDIUM_FAST,NOCTOWL,EVO_LEVEL,20,"+5 to Atk, SpAtk, +15 to def"
Ledyba,LEDYBA,40,30,30,55,40,80,275,TYPE_BUG,TYPE_FLYING,GROWTH_FAST,LEDIAN,EVO_LEVEL,18,"+15 to Atk, +5 to Def, +5 to SpAtk"
Zigzagoon,ZIGZAGOON,38,30,41,60,30,41,240,TYPE_NORMAL,TYPE_NORMAL,GROWTH_MEDIUM_FAST,LINOONE,EVO_LEVEL,20,+10 to atk
Zigzagoon,ZIGZAGOON_GALAR,38,30,41,60,30,41,240,TYPE_DARK,TYPE_NORMAL,GROWTH_MEDIUM_FAST,LINOONE_GALAR,EVO_LEVEL,20,"+19 to def and spdef, +2 to HP, +15 to Atk, +5 to speed"
Lotad,LOTAD,40,30,40,35,40,60,245,TYPE_WATER,TYPE_GRASS,GROWTH_MEDIUM_SLOW,LOMBRE,EVO_LEVEL,14,"+20 to spatk, +10 to spdef"
Wingull,WINGULL,40,30,30,85,55,30,270,TYPE_WATER,TYPE_FLYING,GROWTH_MEDIUM_FAST,PELIPPER,EVO_LEVEL,25,"+10 to atk, +5 to spatk, +10 to def, +5 to HP"
Chingling,CHINGLING,45,30,50,45,65,50,285,TYPE_PSYCHIC,TYPE_PSYCHIC,GROWTH_FAST,CHIMECHO,EVO_FRIENDSHIP,0,"+10 to spdef, +5 to spatk"
Luvdisc,LUVDISC,43,30,55,97,40,65,330,TYPE_WATER,TYPE_WATER,GROWTH_FAST,NONE,NONE,0,
Kricketot,KRICKETOT,45,30,45,30,30,45,225,TYPE_BUG,TYPE_BUG,GROWTH_MEDIUM_SLOW,KRICKETUNE,EVO_LEVEL,10,"+10 to atk, +10 to speed, +10 to spatk, +10 to def and spdef"
Combee,COMBEE,30,30,42,70,30,42,244,TYPE_BUG,TYPE_FLYING,GROWTH_MEDIUM_SLOW,VESPIQUEN,EVO_LEVEL_FEMALE,21,"+10 to atk and spatk, +10 to def and spdef, +5 to speed"
Wobbuffet,WOBBUFFET,190,33,58,33,33,58,405,TYPE_PSYCHIC,TYPE_PSYCHIC,GROWTH_MEDIUM_FAST,NONE,NONE,0,
Weedle,WEEDLE,40,35,30,50,25,20,200,TYPE_BUG,TYPE_POISON,GROWTH_MEDIUM_FAST,KAKUNA,EVO_LEVEL,7,
Meowth,MEOWTH_ALOLA,40,35,35,90,50,40,290,TYPE_DARK,TYPE_DARK,GROWTH_MEDIUM_FAST,PERSIAN_ALOLA,EVO_FRIENDSHIP,0,+5 to atk and def
Kadabra,KADABRA,40,35,30,105,120,70,400,TYPE_PSYCHIC,TYPE_PSYCHIC,GROWTH_MEDIUM_SLOW,ALAKAZAM,EVO_LEVEL,42,
Kadabra,KADABRA,40,35,30,105,120,70,400,TYPE_PSYCHIC,TYPE_PSYCHIC,GROWTH_MEDIUM_SLOW,ALAKAZAM,EVO_ITEM,ITEM_LINKING_CORD,
Magnemite,MAGNEMITE,25,35,70,45,95,55,325,TYPE_ELECTRIC,TYPE_STEEL,GROWTH_MEDIUM_FAST,MAGNETON,EVO_LEVEL,30,
Gastly,GASTLY,30,35,30,80,100,35,310,TYPE_GHOST,TYPE_POISON,GROWTH_MEDIUM_SLOW,HAUNTER,EVO_LEVEL,25,
Tyrogue,TYROGUE,35,35,35,35,35,35,210,TYPE_FIGHTING,TYPE_FIGHTING,GROWTH_MEDIUM_FAST,HITMONCHAN,EVO_LEVEL_ATK_LT_DEF,20,
Tyrogue,TYROGUE,35,35,35,35,35,35,210,TYPE_FIGHTING,TYPE_FIGHTING,GROWTH_MEDIUM_FAST,HITMONLEE,EVO_LEVEL_ATK_GT_DEF,20,
Tyrogue,TYROGUE,35,35,35,35,35,35,210,TYPE_FIGHTING,TYPE_FIGHTING,GROWTH_MEDIUM_FAST,HITMONTOP,EVO_LEVEL_ATK_EQ_DEF,20,
Ledian,LEDIAN,55,35,50,85,55,110,390,TYPE_BUG,TYPE_FLYING,GROWTH_FAST,NONE,NONE,0,+30 to atk
Silcoon,SILCOON,70,35,55,15,25,25,225,TYPE_BUG,TYPE_BUG,GROWTH_MEDIUM_FAST,BEAUTIFLY,EVO_LEVEL,10,
Cascoon,CASCOON,70,35,55,15,25,25,225,TYPE_BUG,TYPE_BUG,GROWTH_MEDIUM_FAST,DUSTOX,EVO_LEVEL,10,
Kirlia,KIRLIA,40,35,35,55,70,55,290,UNKNOWN,UNKNOWN,GROWTH_SLOW,GARDEVOIR,EVO_LEVEL,30,
Kirlia,KIRLIA,40,35,35,55,70,55,290,UNKNOWN,UNKNOWN,GROWTH_SLOW,GALLADE,EVO_ITEM_MALE,ITEM_DAWN_STONE,
Surskit,SURSKIT,40,35,35,65,55,55,285,TYPE_BUG,TYPE_WATER,GROWTH_MEDIUM_FAST,MASQUERAIN,EVO_LEVEL,22,
Budew,BUDEW,40,35,35,55,50,70,285,TYPE_GRASS,TYPE_POISON,GROWTH_MEDIUM_SLOW,ROSELIA,EVO_FRIENDSHIP,0,
Cherubi,CHERUBI,45,35,45,35,62,53,275,TYPE_GRASS,TYPE_GRASS,GROWTH_MEDIUM_FAST,CHERRIM_OVERCAST,EVO_LEVEL,25,
Chinchou,CHINCHOU,75,38,38,67,56,56,330,TYPE_WATER,TYPE_ELECTRIC,GROWTH_SLOW,LANTURN,EVO_LEVEL,27,
Pichu,PICHU,20,40,15,60,35,35,205,TYPE_ELECTRIC,TYPE_ELECTRIC,GROWTH_MEDIUM_FAST,PIKACHU,EVO_FRIENDSHIP,0,
Tentacool,TENTACOOL,40,40,35,70,50,100,335,TYPE_WATER,TYPE_POISON,GROWTH_SLOW,TENTACRUEL,EVO_LEVEL,30,
Exeggcute,EXEGGCUTE,60,40,80,40,60,45,325,TYPE_GRASS,TYPE_PSYCHIC,GROWTH_SLOW,EXEGGUTOR,EVO_ITEM,ITEM_LEAF_STONE,
Exeggcute,EXEGGCUTE,60,40,80,40,60,45,325,TYPE_GRASS,TYPE_PSYCHIC,GROWTH_SLOW,EXEGGUTOR_ALOLA,EVO_NONE,0,
Horsea,HORSEA,35,40,70,60,70,25,300,TYPE_WATER,TYPE_WATER,GROWTH_MEDIUM_FAST,SEADRA,EVO_LEVEL,32,
Omanyte,OMANYTE,35,40,100,35,90,55,355,TYPE_ROCK,TYPE_WATER,GROWTH_MEDIUM_FAST,OMASTAR,EVO_LEVEL,40,
Togetic,TOGETIC,55,40,85,40,80,105,405,UNKNOWN,UNKNOWN,GROWTH_FAST,TOGEKISS,EVO_ITEM,ITEM_SHINY_STONE,+10 to atk and speed
Mareep,MAREEP,55,40,55,35,65,55,305,TYPE_ELECTRIC,TYPE_ELECTRIC,GROWTH_MEDIUM_SLOW,FLAAFFY,EVO_LEVEL,15,
Hoppip,HOPPIP,35,40,40,50,40,55,260,TYPE_GRASS,TYPE_FLYING,GROWTH_MEDIUM_SLOW,SKIPLOOM,EVO_LEVEL,18,
Sunkern,SUNKERN,40,40,40,40,40,40,240,TYPE_GRASS,TYPE_GRASS,GROWTH_MEDIUM_SLOW,SUNFLORA,EVO_ITEM,ITEM_SUN_STONE,
Slugma,SLUGMA,40,40,45,20,70,45,260,TYPE_FIRE,TYPE_FIRE,GROWTH_MEDIUM_FAST,MAGCARGO,EVO_LEVEL,38,
Mantine,MANTINE,65,40,70,70,80,140,465,TYPE_WATER,TYPE_FLYING,GROWTH_SLOW,NONE,NONE,0,"+10 to atk, +5 to def"
Meditite,MEDITITE,40,40,55,60,40,55,290,TYPE_FIGHTING,TYPE_PSYCHIC,GROWTH_MEDIUM_FAST,MEDICHAM,EVO_LEVEL,37,+5 to atk and spatk
Minun,MINUN,60,40,50,95,75,85,405,TYPE_ELECTRIC,TYPE_ELECTRIC,GROWTH_MEDIUM_FAST,NONE,NONE,0,
Swablu,SWABLU,45,40,60,50,40,75,310,TYPE_NORMAL,TYPE_FLYING,GROWTH_ERRATIC,ALTARIA,EVO_LEVEL,35,
Baltoy,BALTOY,40,40,55,55,40,70,300,TYPE_GROUND,TYPE_PSYCHIC,GROWTH_MEDIUM_FAST,CLAYDOL,EVO_LEVEL,36,
Duskull,DUSKULL,25,40,90,25,30,90,300,TYPE_GHOST,TYPE_GHOST,GROWTH_FAST,DUSCLOPS,EVO_LEVEL,37,
Spheal,SPHEAL,70,40,55,25,55,55,300,TYPE_ICE,TYPE_WATER,GROWTH_MEDIUM_SLOW,SEALEO,EVO_LEVEL,32,
Vulpix,VULPIX,39,41,40,65,50,65,300,TYPE_FIRE,TYPE_FIRE,GROWTH_MEDIUM_FAST,NINETALES,EVO_ITEM,ITEM_FIRE_STONE,
Vulpix,VULPIX_ALOLA,38,41,40,65,50,65,299,TYPE_ICE,TYPE_ICE,GROWTH_MEDIUM_FAST,NINETALES_ALOLA,EVO_ITEM,ITEM_ICE_STONE,+1 to HP
Lileep,LILEEP,66,41,77,23,61,87,355,TYPE_ROCK,TYPE_GRASS,GROWTH_ERRATIC,CRADILY,EVO_LEVEL,40,
Shieldon,SHIELDON,30,42,118,30,42,88,350,TYPE_ROCK,TYPE_STEEL,GROWTH_ERRATIC,BASTIODON,EVO_LEVEL,30,
Gulpin,GULPIN,70,43,53,40,43,53,302,TYPE_POISON,TYPE_POISON,GROWTH_FLUCTUATING,SWALOT,EVO_LEVEL,26,
Butterfree,BUTTERFREE,60,45,50,70,80,80,385,TYPE_BUG,TYPE_FLYING,GROWTH_MEDIUM_FAST,NONE,NONE,0,
Pidgey,PIDGEY,40,45,40,56,35,35,251,TYPE_NORMAL,TYPE_FLYING,GROWTH_MEDIUM_SLOW,PIDGEOTTO,EVO_LEVEL,18,
Clefairy,CLEFAIRY,70,45,48,35,60,65,323,UNKNOWN,UNKNOWN,GROWTH_FAST,CLEFABLE,EVO_ITEM,ITEM_MOON_STONE,
Jigglypuff,JIGGLYPUFF,115,45,20,20,45,25,270,UNKNOWN,UNKNOWN,GROWTH_FAST,WIGGLYTUFF,EVO_ITEM,ITEM_MOON_STONE,"+20 to def, spdef, +13 to atk"
Zubat,ZUBAT,40,45,35,55,30,40,245,TYPE_POISON,TYPE_FLYING,GROWTH_MEDIUM_FAST,GOLBAT,EVO_LEVEL,22,
Meowth,MEOWTH,40,45,35,90,40,40,290,TYPE_NORMAL,TYPE_NORMAL,GROWTH_MEDIUM_FAST,PERSIAN,EVO_LEVEL,28,+10 to atk
Seel,SEEL,65,45,55,45,45,70,325,TYPE_WATER,TYPE_WATER,GROWTH_MEDIUM_FAST,DEWGONG,EVO_LEVEL,34,
Onix,ONIX,35,45,160,70,30,45,385,TYPE_ROCK,TYPE_GROUND,GROWTH_MEDIUM_FAST,STEELIX,EVO_ITEM,ITEM_METAL_COAT,
Staryu,STARYU,30,45,55,85,70,55,340,TYPE_WATER,TYPE_WATER,GROWTH_SLOW,STARMIE,EVO_ITEM,ITEM_WATER_STONE,
Mr. Mime,MR_MIME,40,45,65,90,100,120,460,TYPE_PSYCHIC,TYPE_FAIRY,GROWTH_MEDIUM_FAST,NONE,NONE,0,
Azurill,AZURILL,50,45,60,20,40,60,275,TYPE_NORMAL,TYPE_FAIRY,GROWTH_FAST,MARILL,EVO_FRIENDSHIP,0,
Skiploom,SKIPLOOM,55,45,50,80,45,65,340,TYPE_GRASS,TYPE_FLYING,GROWTH_MEDIUM_SLOW,JUMPLUFF,EVO_LEVEL,27,
Wooper,WOOPER,55,45,45,15,35,35,230,TYPE_WATER,TYPE_GROUND,GROWTH_MEDIUM_FAST,QUAGSIRE,EVO_LEVEL,20,"+20 to spattack and spdef, +15 to atk and def"
Wooper,WOOPER_PALDEA,55,45,45,15,35,35,230,TYPE_POISON,TYPE_GROUND,GROWTH_MEDIUM_FAST,CLODSIRE,EVO_LEVEL,20,"+20 to spattack and spdef, +15 to atk and def"
Treecko,TREECKO,40,45,35,70,65,55,310,TYPE_GRASS,TYPE_GRASS,GROWTH_MEDIUM_SLOW,GROVYLE,EVO_LEVEL,16,
Wurmple,WURMPLE,45,45,35,20,20,35,200,TYPE_BUG,TYPE_BUG,GROWTH_MEDIUM_FAST,SILCOON,EVO_LEVEL_SILCOON,7,
Wurmple,WURMPLE,45,45,35,20,20,35,200,TYPE_BUG,TYPE_BUG,GROWTH_MEDIUM_FAST,CASCOON,EVO_LEVEL_CASCOON,7,
Seedot,SEEDOT,40,45,55,30,30,40,240,TYPE_GRASS,TYPE_GRASS,GROWTH_MEDIUM_SLOW,NUZLEAF,EVO_LEVEL,14,"+10 to HP, +5 to everything else"
Shroomish,SHROOMISH,60,45,60,35,40,60,300,TYPE_GRASS,TYPE_GRASS,GROWTH_FLUCTUATING,BRELOOM,EVO_LEVEL,23,
Nincada,NINCADA,35,45,90,40,30,35,275,TYPE_BUG,TYPE_GROUND,GROWTH_ERRATIC,NINJASK,EVO_LEVEL_NINJASK,20,"+5 to spdef, +5 to spatk, +10 to atk, +5 to HP"
Nincada,NINCADA,35,45,90,40,30,35,275,TYPE_BUG,TYPE_GROUND,GROWTH_ERRATIC,SHEDINJA,EVO_LEVEL_SHEDINJA,20,"+5 to spdef, +5 to spatk, +10 to atk, +5 to HP"
Nosepass,NOSEPASS,30,45,135,30,45,90,375,TYPE_ROCK,TYPE_ROCK,GROWTH_MEDIUM_FAST,PROBOPASS,EVO_MAPSEC,MAPSEC_NEW_MAUVILLE,
Nosepass,NOSEPASS,30,45,135,30,45,90,375,TYPE_ROCK,TYPE_ROCK,GROWTH_MEDIUM_FAST,PROBOPASS,EVO_ITEM,ITEM_THUNDER_STONE,
Skitty,SKITTY,50,45,45,55,40,40,275,TYPE_NORMAL,TYPE_NORMAL,GROWTH_FAST,DELCATTY,EVO_ITEM,ITEM_MOON_STONE,"+10 to spatk, spdef, +5 to atk"
Grumpig,GRUMPIG,80,45,65,80,90,110,470,TYPE_PSYCHIC,TYPE_PSYCHIC,GROWTH_FAST,NONE,NONE,0,
Bidoof,BIDOOF,59,45,40,31,35,40,250,TYPE_NORMAL,TYPE_NORMAL,GROWTH_MEDIUM_FAST,BIBAREL,EVO_LEVEL,15,
Pachirisu,PACHIRISU,60,45,70,95,45,90,405,TYPE_ELECTRIC,TYPE_ELECTRIC,GROWTH_MEDIUM_FAST,NONE,NONE,0,
Sentret,SENTRET,35,46,34,30,35,45,225,TYPE_NORMAL,TYPE_NORMAL,GROWTH_MEDIUM_FAST,FURRET,EVO_LEVEL,15,"+4 to atk, +6 to def, +5 to HP, +10 spdef"
Nidoran♀,NIDORAN_F,55,47,52,41,40,40,275,TYPE_POISON,TYPE_POISON,GROWTH_MEDIUM_SLOW,NIDORINA,EVO_LEVEL,16,
Illumise,ILLUMISE,65,47,55,85,73,75,400,TYPE_BUG,TYPE_BUG,GROWTH_FLUCTUATING,NONE,NONE,0,
Squirtle,SQUIRTLE,44,48,65,43,50,64,314,TYPE_WATER,TYPE_WATER,GROWTH_MEDIUM_SLOW,WARTORTLE,EVO_LEVEL,16,
Drowzee,DROWZEE,60,48,45,42,43,90,328,TYPE_PSYCHIC,TYPE_PSYCHIC,GROWTH_MEDIUM_FAST,HYPNO,EVO_LEVEL,26,
Ditto,DITTO,48,48,48,48,48,48,288,TYPE_NORMAL,TYPE_NORMAL,GROWTH_MEDIUM_FAST,NONE,NONE,0,+2 to every stat
Shellos,SHELLOS_WEST,76,48,48,34,57,62,325,TYPE_WATER,TYPE_WATER,GROWTH_MEDIUM_FAST,GASTRODON_WEST,EVO_LEVEL,30,
Shellos,SHELLOS_EAST,76,48,48,34,57,62,325,TYPE_WATER,TYPE_WATER,GROWTH_MEDIUM_FAST,GASTRODON_EAST,EVO_LEVEL,30,
Bulbasaur,BULBASAUR,45,49,49,45,65,65,318,TYPE_GRASS,TYPE_POISON,GROWTH_MEDIUM_SLOW,IVYSAUR,EVO_LEVEL,16,
Chikorita,CHIKORITA,45,49,65,45,49,65,318,TYPE_GRASS,TYPE_GRASS,GROWTH_MEDIUM_SLOW,BAYLEEF,EVO_LEVEL,16,
Finneon,FINNEON,49,49,56,66,49,61,330,TYPE_WATER,TYPE_WATER,GROWTH_ERRATIC,LUMINEON,EVO_LEVEL,31,
Oddish,ODDISH,45,50,55,30,75,65,320,TYPE_GRASS,TYPE_POISON,GROWTH_MEDIUM_SLOW,GLOOM,EVO_LEVEL,21,
Poliwag,POLIWAG,40,50,40,90,40,40,300,TYPE_WATER,TYPE_WATER,GROWTH_MEDIUM_SLOW,POLIWHIRL,EVO_LEVEL,25,
Alakazam,ALAKAZAM,55,50,45,120,135,0,405,TYPE_PSYCHIC,TYPE_PSYCHIC,GROWTH_MEDIUM_SLOW,NONE,NONE,0,
Haunter,HAUNTER,45,50,45,95,115,55,405,TYPE_GHOST,TYPE_POISON,GROWTH_MEDIUM_SLOW,GENGAR,EVO_LEVEL,42,
Haunter,HAUNTER,45,50,45,95,115,55,405,TYPE_GHOST,TYPE_POISON,GROWTH_MEDIUM_SLOW,GENGAR,EVO_ITEM,ITEM_LINKING_CORD,
Electrode,ELECTRODE,60,50,70,140,80,80,480,TYPE_ELECTRIC,TYPE_ELECTRIC,GROWTH_MEDIUM_FAST,NONE,NONE,0,
Electrode,ELECTRODE_HISUI,60,50,70,140,80,80,480,TYPE_ELECTRIC,TYPE_GRASS,GROWTH_MEDIUM_FAST,NONE,NONE,0,
Cubone,CUBONE,50,50,95,35,40,50,320,TYPE_GROUND,TYPE_GROUND,GROWTH_MEDIUM_FAST,MAROWAK,EVO_LEVEL,28,
Cubone,CUBONE,50,50,95,35,40,50,320,TYPE_GROUND,TYPE_GROUND,GROWTH_MEDIUM_FAST,MAROWAK_ALOLA,EVO_NONE,0,
Cubone,CUBONE,50,50,95,35,40,50,320,TYPE_GROUND,TYPE_GROUND,GROWTH_MEDIUM_FAST,MAROWAK_ALOLA_TOTEM,EVO_NONE,0,
Jynx,JYNX,65,50,35,95,115,95,455,TYPE_ICE,TYPE_PSYCHIC,GROWTH_MEDIUM_FAST,NONE,NONE,0,
Noctowl,NOCTOWL,100,50,50,70,76,96,442,TYPE_NORMAL,TYPE_FLYING,GROWTH_MEDIUM_FAST,NONE,NONE,0,
Togekiss,TOGEKISS,85,50,95,80,120,115,545,UNKNOWN,UNKNOWN,GROWTH_FAST,NONE,NONE,0,
Natu,NATU,40,50,45,70,70,45,320,TYPE_PSYCHIC,TYPE_FLYING,GROWTH_MEDIUM_FAST,XATU,EVO_LEVEL,25,
Azumarill,AZUMARILL,100,50,80,50,50,80,410,TYPE_WATER,TYPE_FAIRY,GROWTH_FAST,NONE,NONE,0,"+15 to atk, +15 to spatk, +20 to def and spdef, +10 to hp"
Magcargo,MAGCARGO,50,50,120,30,80,80,410,TYPE_FIRE,TYPE_ROCK,GROWTH_MEDIUM_FAST,NONE,NONE,0,"+20 to spdef, +10 to atk, +10 to spatk"
Dustox,DUSTOX,60,50,70,65,50,90,385,TYPE_BUG,TYPE_POISON,GROWTH_MEDIUM_FAST,NONE,NONE,0,
Lombre,LOMBRE,60,50,50,50,60,70,340,TYPE_WATER,TYPE_GRASS,GROWTH_MEDIUM_SLOW,LUDICOLO,EVO_ITEM,ITEM_WATER_STONE,
Pelipper,PELIPPER,60,50,100,65,85,70,430,TYPE_WATER,TYPE_FLYING,GROWTH_MEDIUM_FAST,NONE,NONE,0,"+10 atk, +10 hp"
Electrike,ELECTRIKE,40,50,40,65,65,40,300,TYPE_ELECTRIC,TYPE_ELECTRIC,GROWTH_SLOW,MANECTRIC,EVO_LEVEL,26,
Plusle,PLUSLE,60,50,40,95,85,75,405,TYPE_ELECTRIC,TYPE_ELECTRIC,GROWTH_MEDIUM_FAST,NONE,NONE,0,
Barboach,BARBOACH,50,50,45,60,50,45,300,TYPE_WATER,TYPE_GROUND,GROWTH_MEDIUM_FAST,WHISCASH,EVO_LEVEL,30,
Chimecho,CHIMECHO,65,50,70,65,95,80,425,TYPE_PSYCHIC,TYPE_PSYCHIC,GROWTH_FAST,NONE,NONE,0,"+10 to HP, def, spdef"
Snorunt,SNORUNT,50,50,50,50,50,50,300,TYPE_ICE,TYPE_ICE,GROWTH_MEDIUM_FAST,GLALIE,EVO_LEVEL,42,
Snorunt,SNORUNT,50,50,50,50,50,50,300,TYPE_ICE,TYPE_ICE,GROWTH_MEDIUM_FAST,FROSLASS,EVO_ITEM_FEMALE,ITEM_DAWN_STONE,
Regice,REGICE,80,50,100,50,100,200,580,TYPE_ICE,TYPE_ICE,GROWTH_SLOW,NONE,NONE,0,
Drifloon,DRIFLOON,90,50,34,70,60,44,348,TYPE_GHOST,TYPE_FLYING,GROWTH_FLUCTUATING,DRIFBLIM,EVO_LEVEL,28,
Skorupi,SKORUPI,40,50,90,65,30,55,330,TYPE_POISON,TYPE_BUG,GROWTH_SLOW,DRAPION,EVO_LEVEL,40,
Rotom,ROTOM,50,50,77,91,95,77,440,TYPE_ELECTRIC,TYPE_GHOST,GROWTH_MEDIUM_FAST,NONE,NONE,0,
Whismur,WHISMUR,64,51,23,28,51,23,240,TYPE_NORMAL,TYPE_NORMAL,GROWTH_MEDIUM_SLOW,LOUDRED,EVO_LEVEL,20,"+14 to atk, +2 def, +2 speed, +14 spatk, +2 spdef, +1 HP"
Piplup,PIPLUP,53,51,53,40,61,56,314,TYPE_WATER,TYPE_WATER,GROWTH_MEDIUM_SLOW,PRINPLUP,EVO_LEVEL,16,
Charmander,CHARMANDER,39,52,43,65,60,50,309,TYPE_FIRE,TYPE_FIRE,GROWTH_MEDIUM_SLOW,CHARMELEON,EVO_LEVEL,16,
Psyduck,PSYDUCK,50,52,48,55,65,50,320,TYPE_WATER,TYPE_WATER,GROWTH_MEDIUM_FAST,GOLDUCK,EVO_LEVEL,33,
Cyndaquil,CYNDAQUIL,39,52,43,65,60,50,309,TYPE_FIRE,TYPE_FIRE,GROWTH_MEDIUM_SLOW,QUILAVA,EVO_LEVEL,14,
Bastiodon,BASTIODON,60,52,168,30,47,138,495,TYPE_ROCK,TYPE_STEEL,GROWTH_ERRATIC,NONE,NONE,0,
Pikachu,PIKACHU,35,55,30,90,50,40,300,TYPE_ELECTRIC,TYPE_ELECTRIC,GROWTH_MEDIUM_FAST,RAICHU,EVO_ITEM,ITEM_THUNDER_STONE,
Pikachu,PIKACHU,35,55,30,90,50,40,300,TYPE_ELECTRIC,TYPE_ELECTRIC,GROWTH_MEDIUM_FAST,RAICHU_ALOLA,EVO_NONE,0,
Venonat,VENONAT,60,55,50,45,40,55,305,TYPE_BUG,TYPE_POISON,GROWTH_MEDIUM_FAST,VENOMOTH,EVO_LEVEL,31,
Diglett,DIGLETT,10,55,25,95,35,45,265,TYPE_GROUND,TYPE_GROUND,GROWTH_MEDIUM_FAST,DUGTRIO,EVO_LEVEL,26,"+10 to atk, +10 to spdef, +10 to def, +5 to HP, +5 to speed"
Diglett,DIGLETT_ALOLA,10,55,30,90,35,45,265,TYPE_GROUND,TYPE_STEEL,GROWTH_MEDIUM_FAST,DUGTRIO_ALOLA,EVO_LEVEL,26,"+10 to atk, +10 to spdef, +10 to def, +5 to HP, +5 to speed"
Lickitung,LICKITUNG,90,55,75,30,60,75,385,TYPE_NORMAL,TYPE_NORMAL,GROWTH_MEDIUM_FAST,LICKILICKY,EVO_MOVE,MOVE_ROLLOUT,"+5 atk, +10 spatk"
Tangela,TANGELA,65,55,115,60,100,40,435,TYPE_GRASS,TYPE_GRASS,GROWTH_MEDIUM_FAST,TANGROWTH,EVO_MOVE,MOVE_ANCIENT_POWER,
Eevee,EEVEE,55,55,50,55,45,65,325,TYPE_NORMAL,TYPE_NORMAL,GROWTH_MEDIUM_FAST,JOLTEON,EVO_ITEM,ITEM_THUNDER_STONE,
Eevee,EEVEE,55,55,50,55,45,65,325,TYPE_NORMAL,TYPE_NORMAL,GROWTH_MEDIUM_FAST,VAPOREON,EVO_ITEM,ITEM_WATER_STONE,
Eevee,EEVEE,55,55,50,55,45,65,325,TYPE_NORMAL,TYPE_NORMAL,GROWTH_MEDIUM_FAST,FLAREON,EVO_ITEM,ITEM_FIRE_STONE,
Eevee,EEVEE,55,55,50,55,45,65,325,TYPE_NORMAL,TYPE_NORMAL,GROWTH_MEDIUM_FAST,ESPEON,EVO_ITEM,ITEM_SUN_STONE,
Eevee,EEVEE,55,55,50,55,45,65,325,TYPE_NORMAL,TYPE_NORMAL,GROWTH_MEDIUM_FAST,UMBREON,EVO_ITEM,ITEM_MOON_STONE,
Eevee,EEVEE,55,55,50,55,45,65,325,TYPE_NORMAL,TYPE_NORMAL,GROWTH_MEDIUM_FAST,LEAFEON,EVO_SPECIFIC_MAP,MAP_VIRIDIAN_FOREST,
Eevee,EEVEE,55,55,50,55,45,65,325,TYPE_NORMAL,TYPE_NORMAL,GROWTH_MEDIUM_FAST,LEAFEON,EVO_ITEM,ITEM_LEAF_STONE,
Eevee,EEVEE,55,55,50,55,45,65,325,TYPE_NORMAL,TYPE_NORMAL,GROWTH_MEDIUM_FAST,GLACEON,EVO_SPECIFIC_MAP,MAP_SEAFOAM_ISLANDS_B4F,
Eevee,EEVEE,55,55,50,55,45,65,325,TYPE_NORMAL,TYPE_NORMAL,GROWTH_MEDIUM_FAST,GLACEON,EVO_ITEM,ITEM_ICE_STONE,
Eevee,EEVEE,55,55,50,55,45,65,325,TYPE_NORMAL,TYPE_NORMAL,GROWTH_MEDIUM_FAST,SYLVEON,EVO_FRIENDSHIP_MOVE_TYPE,TYPE_FAIRY,
Flaaffy,FLAAFFY,70,55,55,45,80,60,365,TYPE_ELECTRIC,TYPE_ELECTRIC,GROWTH_MEDIUM_SLOW,AMPHAROS,EVO_LEVEL,30,
Jumpluff,JUMPLUFF,75,55,70,110,55,85,450,TYPE_GRASS,TYPE_FLYING,GROWTH_MEDIUM_SLOW,NONE,NONE,0,"+15 to atk and spatk, +10 to def, +10 to spdef"
Swinub,SWINUB,50,55,40,50,35,30,260,TYPE_ICE,TYPE_GROUND,GROWTH_SLOW,PILOSWINE,EVO_LEVEL,33,
Corsola,CORSOLA,55,55,85,35,65,85,380,TYPE_WATER,TYPE_ROCK,GROWTH_FAST,NONE,NONE,0,"+10 to HP, +10 to def and spdef"
Corsola,CORSOLA_GALAR,60,55,90,30,65,90,390,TYPE_GHOST,TYPE_GHOST,GROWTH_FAST,CURSOLA,EVO_LEVEL,38,"+10 to HP, +10 to def and spdef"
Delibird,DELIBIRD,45,55,45,75,65,45,330,TYPE_ICE,TYPE_FLYING,GROWTH_FAST,NONE,NONE,0,
Taillow,TAILLOW,40,55,30,85,30,30,270,TYPE_NORMAL,TYPE_FLYING,GROWTH_MEDIUM_SLOW,SWELLOW,EVO_LEVEL,22,
Probopass,PROBOPASS,60,55,145,40,75,150,525,TYPE_ROCK,TYPE_STEEL,GROWTH_MEDIUM_FAST,NONE,NONE,0,
Lunatone,LUNATONE,70,55,65,70,95,85,440,TYPE_ROCK,TYPE_PSYCHIC,GROWTH_FAST,NONE,NONE,0,+20 to HP
Beldum,BELDUM,40,55,80,30,35,60,300,TYPE_STEEL,TYPE_PSYCHIC,GROWTH_SLOW,METANG,EVO_LEVEL,20,
Starly,STARLY,40,55,32,63,30,30,250,TYPE_NORMAL,TYPE_FLYING,GROWTH_MEDIUM_SLOW,STARAVIA,EVO_LEVEL,14,
Glameow,GLAMEOW,49,55,42,85,42,37,310,TYPE_NORMAL,TYPE_NORMAL,GROWTH_FAST,PURUGLY,EVO_LEVEL,38,
Rattata,RATTATA,30,56,35,72,25,35,253,TYPE_NORMAL,TYPE_NORMAL,GROWTH_MEDIUM_FAST,RATICATE,EVO_LEVEL,20,
Rattata,RATTATA_ALOLA,30,56,35,72,25,35,253,TYPE_DARK,TYPE_NORMAL,GROWTH_MEDIUM_FAST,RATICATE_ALOLA,EVO_LEVEL,20,
Rattata,RATTATA_ALOLA,30,56,35,72,25,35,253,TYPE_DARK,TYPE_NORMAL,GROWTH_MEDIUM_FAST,RATICATE_ALOLA_TOTEM,EVO_NONE,0,
Nidoran♂,NIDORAN_M,46,57,40,50,42,40,275,TYPE_POISON,TYPE_POISON,GROWTH_MEDIUM_SLOW,NIDORINO,EVO_LEVEL,16,
Lanturn,LANTURN,125,58,58,67,76,76,460,TYPE_WATER,TYPE_ELECTRIC,GROWTH_SLOW,NONE,NONE,0,"+10 to spatk, spdef"
Chimchar,CHIMCHAR,44,58,44,61,58,44,309,TYPE_FIRE,TYPE_FIRE,GROWTH_MEDIUM_SLOW,MONFERNO,EVO_LEVEL,14,
Wormadam,WORMADAM_PLANT,60,59,85,36,79,105,424,TYPE_BUG,TYPE_GRASS,GROWTH_MEDIUM_FAST,NONE,NONE,0,
Pidgeotto,PIDGEOTTO,63,60,55,71,50,50,349,TYPE_NORMAL,TYPE_FLYING,GROWTH_MEDIUM_SLOW,PIDGEOT,EVO_LEVEL,36,
Spearow,SPEAROW,40,60,34,70,31,35,270,TYPE_NORMAL,TYPE_FLYING,GROWTH_MEDIUM_FAST,FEAROW,EVO_LEVEL,20,
Ekans,EKANS,35,60,44,60,40,54,293,TYPE_POISON,TYPE_POISON,GROWTH_MEDIUM_FAST,ARBOK,EVO_LEVEL,22,
Persian,PERSIAN_ALOLA,65,60,60,115,75,65,440,TYPE_DARK,TYPE_DARK,GROWTH_MEDIUM_FAST,NONE,NONE,0,
Magneton,MAGNETON,50,60,95,70,120,70,465,TYPE_ELECTRIC,TYPE_STEEL,GROWTH_MEDIUM_FAST,MAGNEZONE,EVO_MAPSEC,MAPSEC_NEW_MAUVILLE,"+10 HP, +5 spdef"
Magneton,MAGNETON,50,60,95,70,120,70,465,TYPE_ELECTRIC,TYPE_STEEL,GROWTH_MEDIUM_FAST,MAGNEZONE,EVO_ITEM,ITEM_THUNDER_STONE,"+10 HP, +5 spdef"
Glaceon,GLACEON,65,60,110,65,130,95,525,TYPE_ICE,TYPE_ICE,GROWTH_MEDIUM_FAST,NONE,NONE,0,
Porygon,PORYGON,65,60,70,40,85,75,395,TYPE_NORMAL,TYPE_NORMAL,GROWTH_MEDIUM_FAST,PORYGON2,EVO_ITEM,ITEM_UPGRADE,
Omastar,OMASTAR,70,60,125,55,115,70,495,TYPE_ROCK,TYPE_WATER,GROWTH_MEDIUM_FAST,NONE,NONE,0,
Misdreavus,MISDREAVUS,60,60,60,85,85,85,435,TYPE_GHOST,TYPE_GHOST,GROWTH_FAST,MISMAGIUS,EVO_ITEM,ITEM_DUSK_STONE,
Mismagius,MISMAGIUS,60,60,60,105,105,105,495,TYPE_GHOST,TYPE_GHOST,GROWTH_FAST,NONE,NONE,0,
Houndour,HOUNDOUR,45,60,30,65,80,50,330,TYPE_DARK,TYPE_FIRE,GROWTH_SLOW,HOUNDOOM,EVO_LEVEL,24,
Phanpy,PHANPY,90,60,60,40,40,40,330,TYPE_GROUND,TYPE_GROUND,GROWTH_MEDIUM_FAST,DONPHAN,EVO_LEVEL,25,
Torchic,TORCHIC,45,60,40,45,70,50,310,TYPE_FIRE,TYPE_FIRE,GROWTH_MEDIUM_SLOW,COMBUSKEN,EVO_LEVEL,16,
Masquerain,MASQUERAIN,70,60,62,60,80,82,414,TYPE_BUG,TYPE_FLYING,GROWTH_MEDIUM_FAST,NONE,NONE,0,"+20 speed, +20 spatk, +15 atk, +3 spdef and def"
Slakoth,SLAKOTH,60,60,60,30,40,40,290,TYPE_NORMAL,TYPE_NORMAL,GROWTH_SLOW,VIGOROTH,EVO_LEVEL,18,
Medicham,MEDICHAM,60,60,75,80,60,75,410,TYPE_FIGHTING,TYPE_PSYCHIC,GROWTH_MEDIUM_FAST,NONE,NONE,0,"+20 spatk, +10 HP, +5 def, +5 spdef, +10 atk"
Roselia,ROSELIA,50,60,45,65,100,80,400,TYPE_GRASS,TYPE_POISON,GROWTH_MEDIUM_SLOW,ROSERADE,EVO_ITEM,ITEM_SHINY_STONE,
Numel,NUMEL,60,60,40,35,65,45,305,TYPE_FIRE,TYPE_GROUND,GROWTH_MEDIUM_FAST,CAMERUPT,EVO_LEVEL,33,
Spinda,SPINDA,60,60,60,60,60,60,360,TYPE_NORMAL,TYPE_NORMAL,GROWTH_FAST,NONE,NONE,0,
Milotic,MILOTIC,95,60,79,81,100,125,540,TYPE_WATER,TYPE_WATER,GROWTH_ERRATIC,NONE,NONE,0,
Sealeo,SEALEO,90,60,70,45,75,70,410,TYPE_ICE,TYPE_WATER,GROWTH_MEDIUM_SLOW,WALREIN,EVO_LEVEL,44,
Cherrim,CHERRIM_OVERCAST,70,60,70,85,87,78,450,TYPE_GRASS,TYPE_GRASS,GROWTH_MEDIUM_FAST,NONE,NONE,0,
Cherrim,CHERRIM_SUNSHINE,70,60,70,85,87,78,450,TYPE_GRASS,TYPE_GRASS,GROWTH_MEDIUM_FAST,NONE,NONE,0,
Croagunk,CROAGUNK,48,61,40,50,61,40,300,TYPE_POISON,TYPE_FIGHTING,GROWTH_MEDIUM_FAST,TOXICROAK,EVO_LEVEL,37,
Ivysaur,IVYSAUR,60,62,63,60,80,80,405,TYPE_GRASS,TYPE_POISON,GROWTH_MEDIUM_SLOW,VENUSAUR,EVO_LEVEL,32,
Nidorina,NIDORINA,70,62,67,56,55,55,365,TYPE_POISON,TYPE_POISON,GROWTH_MEDIUM_SLOW,NIDOQUEEN,EVO_ITEM,ITEM_MOON_STONE,
Bayleef,BAYLEEF,60,62,80,60,63,80,405,TYPE_GRASS,TYPE_GRASS,GROWTH_MEDIUM_SLOW,MEGANIUM,EVO_LEVEL,32,
Snover,SNOVER,60,62,50,40,62,60,334,TYPE_GRASS,TYPE_ICE,GROWTH_SLOW,ABOMASNOW,EVO_LEVEL,40,
Wartortle,WARTORTLE,59,63,80,58,65,80,405,TYPE_WATER,TYPE_WATER,GROWTH_MEDIUM_SLOW,BLASTOISE,EVO_LEVEL,36,
Elekid,ELEKID,45,63,37,95,65,55,360,TYPE_ELECTRIC,TYPE_ELECTRIC,GROWTH_MEDIUM_FAST,ELECTABUZZ,EVO_LEVEL,30,
Stunky,STUNKY,63,63,47,74,41,41,329,TYPE_POISON,TYPE_DARK,GROWTH_MEDIUM_FAST,SKUNTANK,EVO_LEVEL,34,
Charmeleon,CHARMELEON,58,64,58,80,80,65,405,TYPE_FIRE,TYPE_FIRE,GROWTH_MEDIUM_SLOW,CHARIZARD,EVO_LEVEL,36,
Dratini,DRATINI,41,64,45,50,50,50,300,TYPE_DRAGON,TYPE_DRAGON,GROWTH_SLOW,DRAGONAIR,EVO_LEVEL,30,
Quilava,QUILAVA,58,64,58,80,80,65,405,TYPE_FIRE,TYPE_FIRE,GROWTH_MEDIUM_SLOW,TYPHLOSION,EVO_LEVEL,36,
Quilava,QUILAVA,58,64,58,80,80,65,405,TYPE_FIRE,TYPE_FIRE,GROWTH_MEDIUM_SLOW,TYPHLOSION_HISUI,EVO_NONE,0,
Larvitar,LARVITAR,50,64,50,41,45,50,300,TYPE_ROCK,TYPE_GROUND,GROWTH_SLOW,PUPITAR,EVO_LEVEL,30,
Clamperl,CLAMPERL,35,64,85,32,74,55,345,TYPE_WATER,TYPE_WATER,GROWTH_ERRATIC,HUNTAIL,EVO_ITEM,ITEM_DEEP_SEA_TOOTH,
Clamperl,CLAMPERL,35,64,85,32,74,55,345,TYPE_WATER,TYPE_WATER,GROWTH_ERRATIC,GOREBYSS,EVO_ITEM,ITEM_DEEP_SEA_SCALE,
Farfetch'd,FARFETCHD,52,65,55,60,58,62,352,TYPE_NORMAL,TYPE_FLYING,GROWTH_MEDIUM_FAST,NONE,NONE,0,+25 atk
Gloom,GLOOM,60,65,70,40,85,75,395,TYPE_GRASS,TYPE_POISON,GROWTH_MEDIUM_SLOW,VILEPLUME,EVO_ITEM,ITEM_LEAF_STONE,
Gloom,GLOOM,60,65,70,40,85,75,395,TYPE_GRASS,TYPE_POISON,GROWTH_MEDIUM_SLOW,BELLOSSOM,EVO_ITEM,ITEM_SUN_STONE,
Venomoth,VENOMOTH,70,65,60,90,90,75,450,TYPE_BUG,TYPE_POISON,GROWTH_MEDIUM_FAST,NONE,NONE,0,
Meowth,MEOWTH_GALAR,50,65,55,40,40,40,290,TYPE_STEEL,TYPE_STEEL,GROWTH_MEDIUM_FAST,PERRSERKER,EVO_LEVEL,28,
Poliwhirl,POLIWHIRL,65,65,65,90,50,50,385,TYPE_WATER,TYPE_WATER,GROWTH_MEDIUM_SLOW,POLIWRATH,EVO_ITEM,ITEM_WATER_STONE,
Poliwhirl,POLIWHIRL,65,65,65,90,50,50,385,TYPE_WATER,TYPE_WATER,GROWTH_MEDIUM_SLOW,POLITOED,EVO_ITEM,ITEM_KINGS_ROCK,
Slowpoke,SLOWPOKE,90,65,65,15,40,40,315,TYPE_WATER,TYPE_PSYCHIC,GROWTH_MEDIUM_FAST,SLOWBRO,EVO_LEVEL,37,
Slowpoke,SLOWPOKE,90,65,65,15,40,40,315,TYPE_WATER,TYPE_PSYCHIC,GROWTH_MEDIUM_FAST,SLOWKING,EVO_ITEM,ITEM_KINGS_ROCK,
Slowpoke,SLOWPOKE_GALAR,90,65,65,15,40,40,315,TYPE_PSYCHIC,TYPE_PSYCHIC,GROWTH_MEDIUM_FAST,SLOWBRO_GALAR,EVO_ITEM,ITEM_GALARICA_CUFF,
Slowpoke,SLOWPOKE_GALAR,90,65,65,15,40,40,315,TYPE_PSYCHIC,TYPE_PSYCHIC,GROWTH_MEDIUM_FAST,SLOWKING_GALAR,EVO_ITEM,ITEM_GALARICA_WREATH,
Slowking,SLOWKING_GALAR,95,65,80,30,110,110,490,TYPE_POISON,TYPE_PSYCHIC,GROWTH_MEDIUM_FAST,NONE,NONE,0,"+5HP, +5def, +5spatk, +5 spdef"
Shellder,SHELLDER,30,65,100,40,45,25,305,TYPE_WATER,TYPE_WATER,GROWTH_SLOW,CLOYSTER,EVO_ITEM,ITEM_WATER_STONE,
Gengar,GENGAR,60,65,60,110,130,75,500,TYPE_GHOST,TYPE_POISON,GROWTH_MEDIUM_SLOW,NONE,NONE,0,
Koffing,KOFFING,40,65,95,35,60,45,340,TYPE_POISON,TYPE_POISON,GROWTH_MEDIUM_FAST,WEEZING,EVO_LEVEL,35,
Koffing,KOFFING,40,65,95,35,60,45,340,TYPE_POISON,TYPE_POISON,GROWTH_MEDIUM_FAST,WEEZING_GALAR,EVO_NONE,0,
Seadra,SEADRA,55,65,95,85,95,45,440,TYPE_WATER,TYPE_WATER,GROWTH_MEDIUM_FAST,KINGDRA,EVO_ITEM,ITEM_DRAGON_SCALE,
Mr. Mime,MR_MIME_GALAR,50,65,65,100,90,90,460,TYPE_ICE,TYPE_PSYCHIC,GROWTH_MEDIUM_FAST,MR_RIME,EVO_LEVEL,42,
Vaporeon,VAPOREON,130,65,60,65,110,95,525,TYPE_WATER,TYPE_WATER,GROWTH_MEDIUM_FAST,NONE,NONE,0,
Jolteon,JOLTEON,65,65,60,130,110,95,525,TYPE_ELECTRIC,TYPE_ELECTRIC,GROWTH_MEDIUM_FAST,NONE,NONE,0,
Espeon,ESPEON,65,65,60,110,130,95,525,TYPE_PSYCHIC,TYPE_PSYCHIC,GROWTH_MEDIUM_FAST,NONE,NONE,0,
Umbreon,UMBREON,95,65,110,65,60,130,525,TYPE_DARK,TYPE_DARK,GROWTH_MEDIUM_FAST,NONE,NONE,0,
Sylveon,SYLVEON,95,65,65,60,110,130,525,TYPE_FAIRY,TYPE_FAIRY,GROWTH_MEDIUM_FAST,NONE,NONE,0,
Totodile,TOTODILE,50,65,64,43,44,48,314,TYPE_WATER,TYPE_WATER,GROWTH_MEDIUM_SLOW,CROCONAW,EVO_LEVEL,18,
Spinarak,SPINARAK,40,65,40,45,45,40,275,TYPE_BUG,TYPE_POISON,GROWTH_FAST,ARIADOS,EVO_LEVEL,22,
Yanma,YANMA,65,65,45,95,75,45,390,TYPE_BUG,TYPE_FLYING,GROWTH_MEDIUM_FAST,YANMEGA,EVO_MOVE,MOVE_ANCIENT_POWER,+10 atk
Pineco,PINECO,50,65,90,15,35,40,295,TYPE_BUG,TYPE_BUG,GROWTH_MEDIUM_FAST,FORRETRESS,EVO_LEVEL,31,
Remoraid,REMORAID,35,65,35,65,65,35,300,TYPE_WATER,TYPE_WATER,GROWTH_MEDIUM_FAST,OCTILLERY,EVO_LEVEL,25,
Grovyle,GROVYLE,50,65,45,95,85,65,405,TYPE_GRASS,TYPE_GRASS,GROWTH_MEDIUM_SLOW,SCEPTILE,EVO_LEVEL,36,
Poochyena,POOCHYENA,35,65,40,50,30,30,250,TYPE_DARK,TYPE_DARK,GROWTH_MEDIUM_FAST,MIGHTYENA,EVO_LEVEL,18,
Gardevoir,GARDEVOIR,68,65,65,80,125,115,518,UNKNOWN,UNKNOWN,GROWTH_SLOW,NONE,NONE,0,
Makuhita,MAKUHITA,75,65,40,25,20,40,265,TYPE_FIGHTING,TYPE_FIGHTING,GROWTH_FLUCTUATING,HARIYAMA,EVO_LEVEL,24,"+10 def, +10 spdef, +10 atk, +5 speed"
Delcatty,DELCATTY,70,65,65,70,55,55,380,TYPE_NORMAL,TYPE_NORMAL,GROWTH_FAST,NONE,NONE,0,"+20 to spatk, spdef, +10 to def, atk"
Shinx,SHINX,45,65,40,50,40,40,280,TYPE_ELECTRIC,TYPE_ELECTRIC,GROWTH_MEDIUM_SLOW,LUXIO,EVO_LEVEL,15,
Buizel,BUIZEL,55,65,35,85,60,30,330,TYPE_WATER,TYPE_WATER,GROWTH_MEDIUM_FAST,FLOATZEL,EVO_LEVEL,26,
Chatot,CHATOT,76,65,45,91,92,42,411,TYPE_NORMAL,TYPE_FLYING,GROWTH_MEDIUM_SLOW,NONE,NONE,0,
Rotom,ROTOM_HEAT,50,65,107,86,105,107,520,TYPE_ELECTRIC,TYPE_FIRE,GROWTH_MEDIUM_FAST,NONE,NONE,0,
Rotom,ROTOM_WASH,50,65,107,86,105,107,520,TYPE_ELECTRIC,TYPE_WATER,GROWTH_MEDIUM_FAST,NONE,NONE,0,
Rotom,ROTOM_FROST,50,65,107,86,105,107,520,TYPE_ELECTRIC,TYPE_ICE,GROWTH_MEDIUM_FAST,NONE,NONE,0,
Rotom,ROTOM_FAN,50,65,107,86,105,107,520,TYPE_ELECTRIC,TYPE_FLYING,GROWTH_MEDIUM_FAST,NONE,NONE,0,
Rotom,ROTOM_MOW,50,65,107,86,105,107,520,TYPE_ELECTRIC,TYPE_GRASS,GROWTH_MEDIUM_FAST,NONE,NONE,0,
Prinplup,PRINPLUP,64,66,68,50,81,76,405,TYPE_WATER,TYPE_WATER,GROWTH_MEDIUM_SLOW,EMPOLEON,EVO_LEVEL,36,
Buneary,BUNEARY,55,66,44,85,44,56,350,TYPE_NORMAL,TYPE_NORMAL,GROWTH_MEDIUM_FAST,LOPUNNY,EVO_FRIENDSHIP,0,
Ninetales,NINETALES_ALOLA,73,67,75,109,81,100,505,TYPE_ICE,TYPE_FAIRY,GROWTH_MEDIUM_FAST,NONE,NONE,0,
Goldeen,GOLDEEN,45,67,60,63,35,50,320,TYPE_WATER,TYPE_WATER,GROWTH_MEDIUM_FAST,SEAKING,EVO_LEVEL,33,
Tropius,TROPIUS,99,68,83,51,72,87,460,TYPE_GRASS,TYPE_FLYING,GROWTH_SLOW,NONE,NONE,0,
Turtwig,TURTWIG,55,68,64,31,45,55,318,TYPE_GRASS,TYPE_GRASS,GROWTH_MEDIUM_SLOW,GROTLE,EVO_LEVEL,18,
Wormadam,WORMADAM_TRASH,60,69,95,36,69,95,424,TYPE_BUG,TYPE_STEEL,GROWTH_MEDIUM_FAST,NONE,NONE,0,
Lumineon,LUMINEON,69,69,76,91,69,86,460,TYPE_WATER,TYPE_WATER,GROWTH_ERRATIC,NONE,NONE,0,
Farfetch'd,FARFETCHD_GALAR,52,70,55,55,58,62,352,TYPE_FIGHTING,TYPE_FIGHTING,GROWTH_MEDIUM_FAST,SIRFETCHD,EVO_CRITICAL_HITS,3,
Clefable,CLEFABLE,95,70,73,60,85,90,473,UNKNOWN,UNKNOWN,GROWTH_FAST,NONE,NONE,0,
Wigglytuff,WIGGLYTUFF,140,70,45,45,75,50,425,UNKNOWN,UNKNOWN,GROWTH_FAST,NONE,NONE,0,"+20 to spatk, +10 to def and spdef"
Paras,PARAS,40,70,55,25,45,55,290,TYPE_BUG,TYPE_GRASS,GROWTH_MEDIUM_FAST,PARASECT,EVO_LEVEL,24,+5 to def and spdef
Persian,PERSIAN,65,70,60,115,65,65,440,TYPE_NORMAL,TYPE_NORMAL,GROWTH_MEDIUM_FAST,NONE,NONE,0,+10 to atk
Growlithe,GROWLITHE,55,70,45,60,70,50,350,TYPE_FIRE,TYPE_FIRE,GROWTH_SLOW,ARCANINE,EVO_ITEM,ITEM_FIRE_STONE,
Tentacruel,TENTACRUEL,80,70,65,100,80,120,515,TYPE_WATER,TYPE_POISON,GROWTH_SLOW,NONE,NONE,0,
Magnezone,MAGNEZONE,70,70,115,60,130,90,535,TYPE_ELECTRIC,TYPE_STEEL,GROWTH_MEDIUM_FAST,NONE,NONE,0,+10 spdef
Dewgong,DEWGONG,90,70,80,70,70,95,475,TYPE_WATER,TYPE_ICE,GROWTH_MEDIUM_FAST,NONE,NONE,0,
Aipom,AIPOM,55,70,55,85,40,55,360,TYPE_NORMAL,TYPE_NORMAL,GROWTH_FAST,AMBIPOM,EVO_MOVE,MOVE_DOUBLE_HIT,
Dunsparce,DUNSPARCE,100,70,70,45,65,65,415,TYPE_NORMAL,TYPE_NORMAL,GROWTH_MEDIUM_FAST,DUDUNSPARCE_TWO_SEGMENT,EVO_MOVE_TWO_SEGMENT,MOVE_HYPER_DRILL,
Dunsparce,DUNSPARCE,100,70,70,45,65,65,415,TYPE_NORMAL,TYPE_NORMAL,GROWTH_MEDIUM_FAST,DUDUNSPARCE_THREE_SEGMENT,EVO_MOVE_THREE_SEGMENT,MOVE_HYPER_DRILL,
Ursaluna,URSALUNA_BLOODMOON,113,70,120,52,135,65,555,TYPE_GROUND,TYPE_NORMAL,GROWTH_MEDIUM_FAST,NONE,NONE,0,
Mudkip,MUDKIP,50,70,50,40,50,50,310,TYPE_WATER,TYPE_WATER,GROWTH_MEDIUM_SLOW,MARSHTOMP,EVO_LEVEL,16,
Linoone,LINOONE,78,70,61,100,50,61,420,TYPE_NORMAL,TYPE_NORMAL,GROWTH_MEDIUM_FAST,NONE,NONE,0,"+9 to def and spdef, +2 HP, +20 atk"
Linoone,LINOONE_GALAR,78,70,61,100,50,61,420,TYPE_DARK,TYPE_NORMAL,GROWTH_MEDIUM_FAST,OBSTAGOON,EVO_LEVEL,35,"+9 to def and spdef, +2 HP, +20 atk"
Beautifly,BEAUTIFLY,60,70,50,65,90,50,385,TYPE_BUG,TYPE_FLYING,GROWTH_MEDIUM_FAST,NONE,NONE,0,
Ludicolo,LUDICOLO,80,70,70,70,90,100,480,TYPE_WATER,TYPE_GRASS,GROWTH_MEDIUM_SLOW,NONE,NONE,0,"+10 atk, spdef"
Nuzleaf,NUZLEAF,70,70,40,60,60,40,340,TYPE_GRASS,TYPE_DARK,GROWTH_MEDIUM_SLOW,SHIFTRY,EVO_ITEM,ITEM_LEAF_STONE,
Aron,ARON,50,70,100,30,40,40,330,TYPE_STEEL,TYPE_ROCK,GROWTH_SLOW,LAIRON,EVO_LEVEL,32,
Roserade,ROSERADE,60,70,55,90,125,105,505,TYPE_GRASS,TYPE_POISON,GROWTH_MEDIUM_SLOW,NONE,NONE,0,
Wailmer,WAILMER,130,70,35,60,70,35,400,TYPE_WATER,TYPE_WATER,GROWTH_FLUCTUATING,WAILORD,EVO_LEVEL,40,
Vibrava,VIBRAVA,50,70,50,70,50,50,340,TYPE_GROUND,TYPE_DRAGON,GROWTH_MEDIUM_SLOW,FLYGON,EVO_LEVEL,45,
Altaria,ALTARIA,75,70,90,80,70,105,490,TYPE_DRAGON,TYPE_FLYING,GROWTH_ERRATIC,NONE,NONE,0,"+5 to atk and spatk, +10 HP"
Claydol,CLAYDOL,60,70,105,75,70,120,500,TYPE_GROUND,TYPE_PSYCHIC,GROWTH_MEDIUM_FAST,NONE,NONE,0,
Castform,CASTFORM_NORMAL,70,70,70,70,70,70,420,TYPE_NORMAL,TYPE_NORMAL,GROWTH_MEDIUM_FAST,NONE,NONE,0,
Castform,CASTFORM_SUNNY,70,70,70,70,70,70,420,TYPE_FIRE,TYPE_FIRE,GROWTH_MEDIUM_FAST,NONE,NONE,0,
Castform,CASTFORM_RAINY,70,70,70,70,70,70,420,TYPE_WATER,TYPE_WATER,GROWTH_MEDIUM_FAST,NONE,NONE,0,
Castform,CASTFORM_SNOWY,70,70,70,70,70,70,420,TYPE_ICE,TYPE_ICE,GROWTH_MEDIUM_FAST,NONE,NONE,0,
Dusclops,DUSCLOPS,40,70,130,25,60,130,455,TYPE_GHOST,TYPE_GHOST,GROWTH_FAST,DUSKNOIR,EVO_ITEM,ITEM_REAPER_CLOTH,"+10 HP, +5 atk, +5 spatk"
Deoxys,DEOXYS_DEFENSE,50,70,160,90,70,160,600,TYPE_PSYCHIC,TYPE_PSYCHIC,GROWTH_SLOW,NONE,NONE,0,
Gible,GIBLE,58,70,45,42,40,45,300,TYPE_DRAGON,TYPE_GROUND,GROWTH_SLOW,GABITE,EVO_LEVEL,24,
Riolu,RIOLU,40,70,40,60,35,40,285,TYPE_FIGHTING,TYPE_FIGHTING,GROWTH_MEDIUM_SLOW,LUCARIO,EVO_FRIENDSHIP,0,
Cresselia,CRESSELIA,120,70,120,85,75,130,600,TYPE_PSYCHIC,TYPE_PSYCHIC,GROWTH_SLOW,NONE,NONE,0,
Raticate,RATICATE_ALOLA,75,71,70,77,40,80,413,TYPE_DARK,TYPE_NORMAL,GROWTH_MEDIUM_FAST,NONE,NONE,0,
Loudred,LOUDRED,84,71,43,48,71,43,360,TYPE_NORMAL,TYPE_NORMAL,GROWTH_MEDIUM_SLOW,EXPLOUD,EVO_LEVEL,40,"+1HP, +4atk, +2def, +2speed, +4spatk, +2spdef"
Nidorino,NIDORINO,61,72,57,65,55,55,365,TYPE_POISON,TYPE_POISON,GROWTH_MEDIUM_SLOW,NIDOKING,EVO_ITEM,ITEM_MOON_STONE,
Hippopotas,HIPPOPOTAS,68,72,78,32,38,42,330,TYPE_GROUND,TYPE_GROUND,GROWTH_SLOW,HIPPOWDON,EVO_LEVEL,34,
Hypno,HYPNO,85,73,70,67,73,115,483,TYPE_PSYCHIC,TYPE_PSYCHIC,GROWTH_MEDIUM_FAST,NONE,NONE,0,"+2Atk, +5def, +3speed, +2spatk"
Volbeat,VOLBEAT,65,73,55,85,47,75,400,TYPE_BUG,TYPE_BUG,GROWTH_ERRATIC,NONE,NONE,0,
Swalot,SWALOT,100,73,83,55,73,83,467,TYPE_POISON,TYPE_POISON,GROWTH_FLUCTUATING,NONE,NONE,0,"+2atk, +12def, +2spatk, +12spdef"
Sandshrew,SANDSHREW,50,75,85,40,20,30,300,TYPE_GROUND,TYPE_GROUND,GROWTH_MEDIUM_FAST,SANDSLASH,EVO_LEVEL,22,
Sandshrew,SANDSHREW_ALOLA,50,75,90,40,10,35,300,TYPE_ICE,TYPE_STEEL,GROWTH_MEDIUM_FAST,SANDSLASH_ALOLA,EVO_ITEM,ITEM_ICE_STONE,
Growlithe,GROWLITHE_HISUI,60,75,45,55,65,50,350,TYPE_FIRE,TYPE_ROCK,GROWTH_SLOW,ARCANINE_HISUI,EVO_ITEM,ITEM_FIRE_STONE,
Politoed,POLITOED,90,75,75,70,90,100,500,TYPE_WATER,TYPE_WATER,GROWTH_MEDIUM_SLOW,NONE,NONE,0,+10spatk
Bellsprout,BELLSPROUT,50,75,35,40,70,30,300,TYPE_GRASS,TYPE_POISON,GROWTH_MEDIUM_SLOW,WEEPINBELL,EVO_LEVEL,21,
Slowbro,SLOWBRO,95,75,110,30,100,80,490,TYPE_WATER,TYPE_PSYCHIC,GROWTH_MEDIUM_FAST,NONE,NONE,0,"+10spdef, +10spatk"
Slowking,SLOWKING,95,75,80,30,100,110,490,TYPE_WATER,TYPE_PSYCHIC,GROWTH_MEDIUM_FAST,NONE,NONE,0,"+10def, +10spatk"
Starmie,STARMIE,60,75,85,115,100,85,520,TYPE_WATER,TYPE_PSYCHIC,GROWTH_SLOW,NONE,NONE,0,
Magby,MAGBY,45,75,37,83,70,55,365,TYPE_FIRE,TYPE_FIRE,GROWTH_MEDIUM_FAST,MAGMAR,EVO_LEVEL,30,
Eevee,EEVEE_STARTER,65,75,70,75,65,85,435,TYPE_NORMAL,TYPE_NORMAL,GROWTH_MEDIUM_FAST,NONE,NONE,0,
Xatu,XATU,65,75,70,95,95,70,470,TYPE_PSYCHIC,TYPE_FLYING,GROWTH_MEDIUM_FAST,NONE,NONE,0,"+10speed, +10spatk, +5atk, +5spdef"
Ampharos,AMPHAROS,90,75,75,55,115,90,500,TYPE_ELECTRIC,TYPE_ELECTRIC,GROWTH_MEDIUM_SLOW,NONE,NONE,0,"+10 def, +5 spatk, +5 atk"
Sunflora,SUNFLORA,75,75,55,30,105,85,425,TYPE_GRASS,TYPE_GRASS,GROWTH_MEDIUM_SLOW,NONE,NONE,0,"+30spatk, +20HP, +20spdef, +45 def"
Clodsire,CLODSIRE,130,75,60,20,45,100,430,TYPE_POISON,TYPE_GROUND,GROWTH_MEDIUM_FAST,NONE,NONE,0,"+15 atk, +15def, +15spatk"
Gligar,GLIGAR,65,75,105,85,35,65,430,TYPE_GROUND,TYPE_FLYING,GROWTH_MEDIUM_SLOW,GLISCOR,EVO_ITEM_HOLD,ITEM_RAZOR_FANG,
Gligar,GLIGAR,65,75,105,85,35,65,430,TYPE_GROUND,TYPE_FLYING,GROWTH_MEDIUM_SLOW,GLISCOR,EVO_ITEM,ITEM_RAZOR_FANG,
Suicune,SUICUNE,100,75,115,85,90,115,580,TYPE_WATER,TYPE_WATER,GROWTH_SLOW,NONE,NONE,0,
Sableye,SABLEYE,50,75,75,50,65,65,380,TYPE_DARK,TYPE_GHOST,GROWTH_MEDIUM_SLOW,NONE,NONE,0,"+10 spdef, +25 HP, +10spatk"
Manectric,MANECTRIC,70,75,60,105,105,60,475,TYPE_ELECTRIC,TYPE_ELECTRIC,GROWTH_SLOW,NONE,NONE,0,
Shuppet,SHUPPET,45,75,35,45,65,35,300,TYPE_GHOST,TYPE_GHOST,GROWTH_FAST,BANETTE,EVO_LEVEL,37,
Bagon,BAGON,45,75,60,50,40,30,300,TYPE_DRAGON,TYPE_DRAGON,GROWTH_SLOW,SHELGON,EVO_LEVEL,30,
Metang,METANG,60,75,100,50,55,80,420,TYPE_STEEL,TYPE_PSYCHIC,GROWTH_SLOW,METAGROSS,EVO_LEVEL,45,
Registeel,REGISTEEL,80,75,150,50,75,150,580,TYPE_STEEL,TYPE_STEEL,GROWTH_SLOW,NONE,NONE,0,
Staravia,STARAVIA,55,75,50,80,40,40,340,TYPE_NORMAL,TYPE_FLYING,GROWTH_MEDIUM_SLOW,STARAPTOR,EVO_LEVEL,34,
Uxie,UXIE,75,75,130,95,75,130,580,TYPE_PSYCHIC,TYPE_PSYCHIC,GROWTH_SLOW,NONE,NONE,0,
Ninetales,NINETALES,73,76,75,100,81,100,505,TYPE_FIRE,TYPE_FIRE,GROWTH_MEDIUM_FAST,NONE,NONE,0,
Furret,FURRET,85,76,64,90,45,55,415,TYPE_NORMAL,TYPE_NORMAL,GROWTH_MEDIUM_FAST,NONE,NONE,0,"+4atk, +1def, +5 spdef"
Yanmega,YANMEGA,86,76,86,95,116,56,515,TYPE_BUG,TYPE_FLYING,GROWTH_MEDIUM_FAST,NONE,NONE,0,
Lopunny,LOPUNNY,65,76,84,105,54,96,480,TYPE_NORMAL,TYPE_NORMAL,GROWTH_MEDIUM_FAST,NONE,NONE,0,
Whiscash,WHISCASH,110,78,73,60,76,71,468,TYPE_WATER,TYPE_GROUND,GROWTH_MEDIUM_FAST,NONE,NONE,0,"+2atk, +2def, +2spatk, +2spdef"
Monferno,MONFERNO,64,78,52,81,78,52,405,TYPE_FIRE,TYPE_FIGHTING,GROWTH_MEDIUM_SLOW,INFERNAPE,EVO_LEVEL,36,
Wormadam,WORMADAM_SANDY,60,79,105,36,59,85,424,TYPE_BUG,TYPE_GROUND,GROWTH_MEDIUM_FAST,NONE,NONE,0,
Beedrill,BEEDRILL,65,80,40,75,45,80,385,TYPE_BUG,TYPE_POISON,GROWTH_MEDIUM_FAST,NONE,NONE,0,
Pidgeot,PIDGEOT,83,80,75,91,70,70,469,TYPE_NORMAL,TYPE_FLYING,GROWTH_MEDIUM_SLOW,NONE,NONE,0,"+10 speed, +10 atk"
Golbat,GOLBAT,75,80,70,90,65,75,455,TYPE_POISON,TYPE_FLYING,GROWTH_MEDIUM_FAST,CROBAT,EVO_FRIENDSHIP,0,
Vileplume,VILEPLUME,75,80,85,50,100,90,480,TYPE_GRASS,TYPE_POISON,GROWTH_MEDIUM_SLOW,NONE,NONE,0,"+10spatk, +10HP, +5def, +5spdef"
Bellossom,BELLOSSOM,75,80,0,50,90,100,395,TYPE_GRASS,TYPE_GRASS,GROWTH_MEDIUM_SLOW,NONE,NONE,0,
Mankey,MANKEY,40,80,35,70,35,45,305,TYPE_FIGHTING,TYPE_FIGHTING,GROWTH_MEDIUM_FAST,PRIMEAPE,EVO_LEVEL,28,
Machop,MACHOP,70,80,50,35,35,35,305,TYPE_FIGHTING,TYPE_FIGHTING,GROWTH_MEDIUM_SLOW,MACHOKE,EVO_LEVEL,28,
Geodude,GEODUDE,40,80,100,20,30,30,300,TYPE_ROCK,TYPE_GROUND,GROWTH_MEDIUM_SLOW,GRAVELER,EVO_LEVEL,25,
Geodude,GEODUDE_ALOLA,40,80,100,20,30,30,300,TYPE_ROCK,TYPE_ELECTRIC,GROWTH_MEDIUM_SLOW,GRAVELER_ALOLA,EVO_LEVEL,25,
Grimer,GRIMER,80,80,50,25,40,50,325,TYPE_POISON,TYPE_POISON,GROWTH_MEDIUM_FAST,MUK,EVO_LEVEL,38,
Grimer,GRIMER_ALOLA,80,80,50,25,40,50,325,TYPE_POISON,TYPE_DARK,GROWTH_MEDIUM_FAST,MUK_ALOLA,EVO_LEVEL,38,
Marowak,MAROWAK,60,80,110,45,50,80,425,TYPE_GROUND,TYPE_GROUND,GROWTH_MEDIUM_FAST,NONE,NONE,0,"+10HP, +10atk, +10spdef, +10spatk"
Marowak,MAROWAK_ALOLA,60,80,110,45,50,80,425,TYPE_FIRE,TYPE_GHOST,GROWTH_MEDIUM_FAST,NONE,NONE,0,"+10HP, +10atk, +10spdef, +10spatk"
Porygon2,PORYGON2,85,80,90,60,105,95,515,TYPE_NORMAL,TYPE_NORMAL,GROWTH_MEDIUM_FAST,PORYGON_Z,EVO_ITEM,ITEM_DUBIOUS_DISC,
Porygon-Z,PORYGON_Z,85,80,70,90,135,75,535,TYPE_NORMAL,TYPE_NORMAL,GROWTH_MEDIUM_FAST,NONE,NONE,0,
Kabuto,KABUTO,30,80,90,55,55,45,355,TYPE_ROCK,TYPE_WATER,GROWTH_MEDIUM_FAST,KABUTOPS,EVO_LEVEL,40,
Croconaw,CROCONAW,65,80,80,58,59,63,405,TYPE_WATER,TYPE_WATER,GROWTH_MEDIUM_SLOW,FERALIGATR,EVO_LEVEL,30,
Bonsly,BONSLY,50,80,95,10,10,50,295,TYPE_ROCK,TYPE_ROCK,GROWTH_MEDIUM_FAST,SUDOWOODO,EVO_MOVE,MOVE_MIMIC,
Girafarig,GIRAFARIG,70,80,65,85,90,65,455,TYPE_NORMAL,TYPE_PSYCHIC,GROWTH_MEDIUM_FAST,FARIGIRAF,EVO_MOVE,MOVE_TWIN_BEAM,"+5def, +5 spdef, +5 atk, +5 spatk"
Snubbull,SNUBBULL,60,80,50,30,40,40,300,TYPE_FAIRY,TYPE_FAIRY,GROWTH_FAST,GRANBULL,EVO_LEVEL,23,
Teddiursa,TEDDIURSA,60,80,50,40,50,50,330,TYPE_NORMAL,TYPE_NORMAL,GROWTH_MEDIUM_FAST,URSARING,EVO_LEVEL,30,
Skarmory,SKARMORY,65,80,140,70,40,70,465,TYPE_STEEL,TYPE_FLYING,GROWTH_SLOW,NONE,NONE,0,"+10 to spatk, +5 to spdef"
Miltank,MILTANK,95,80,105,100,40,70,490,TYPE_NORMAL,TYPE_NORMAL,GROWTH_SLOW,NONE,NONE,0,
Vigoroth,VIGOROTH,80,80,80,90,55,55,440,TYPE_NORMAL,TYPE_NORMAL,GROWTH_SLOW,SLAKING,EVO_LEVEL,36,
Corphish,CORPHISH,43,80,65,35,50,35,308,TYPE_WATER,TYPE_WATER,GROWTH_FLUCTUATING,CRAWDAUNT,EVO_LEVEL,30,
Glalie,GLALIE,80,80,80,80,80,80,480,TYPE_ICE,TYPE_ICE,GROWTH_MEDIUM_FAST,NONE,NONE,0,+5 to all stats
Froslass,FROSLASS,70,80,70,110,80,70,480,TYPE_ICE,TYPE_GHOST,GROWTH_MEDIUM_FAST,NONE,NONE,0,+5 to all stats
Walrein,WALREIN,110,80,90,65,95,90,530,TYPE_ICE,TYPE_WATER,GROWTH_MEDIUM_SLOW,NONE,NONE,0,
Latias,LATIAS,80,80,90,110,110,130,600,TYPE_DRAGON,TYPE_PSYCHIC,GROWTH_SLOW,NONE,NONE,0,
Vespiquen,VESPIQUEN,70,80,102,40,80,102,474,TYPE_BUG,TYPE_FLYING,GROWTH_MEDIUM_SLOW,NONE,NONE,0,"+10 speed, +5 atk, +5 spatk, +5 HP"
Drifblim,DRIFBLIM,150,80,44,80,90,54,498,TYPE_GHOST,TYPE_FLYING,GROWTH_FLUCTUATING,NONE,NONE,0,
Phione,PHIONE,80,80,80,80,80,80,480,TYPE_WATER,TYPE_WATER,GROWTH_SLOW,NONE,NONE,0,
Raticate,RATICATE,55,81,60,97,50,70,413,TYPE_NORMAL,TYPE_NORMAL,GROWTH_MEDIUM_FAST,NONE,NONE,0,
Cradily,CRADILY,86,81,97,43,81,107,495,TYPE_ROCK,TYPE_GRASS,GROWTH_ERRATIC,NONE,NONE,0,
Nidoqueen,NIDOQUEEN,90,82,87,76,75,85,495,TYPE_POISON,TYPE_GROUND,GROWTH_MEDIUM_SLOW,NONE,NONE,0,+10 atk
Venusaur,VENUSAUR,80,82,83,80,100,100,525,TYPE_GRASS,TYPE_POISON,GROWTH_MEDIUM_SLOW,NONE,NONE,0,
Golduck,GOLDUCK,80,82,78,85,95,80,500,TYPE_WATER,TYPE_WATER,GROWTH_MEDIUM_FAST,NONE,NONE,0,
Meganium,MEGANIUM,80,82,100,80,83,100,525,TYPE_GRASS,TYPE_GRASS,GROWTH_MEDIUM_SLOW,NONE,NONE,0,
Purugly,PURUGLY,71,82,64,112,64,59,452,TYPE_NORMAL,TYPE_NORMAL,GROWTH_FAST,NONE,NONE,0,
Blastoise,BLASTOISE,79,83,100,78,85,105,530,TYPE_WATER,TYPE_WATER,GROWTH_MEDIUM_SLOW,NONE,NONE,0,
Electabuzz,ELECTABUZZ,65,83,57,105,95,85,490,TYPE_ELECTRIC,TYPE_ELECTRIC,GROWTH_MEDIUM_FAST,ELECTIVIRE,EVO_ITEM,ITEM_ELECTIRIZER,
Gastrodon,GASTRODON_WEST,111,83,68,39,92,82,475,TYPE_WATER,TYPE_GROUND,GROWTH_MEDIUM_FAST,NONE,NONE,0,
Gastrodon,GASTRODON_EAST,111,83,68,39,92,82,475,TYPE_WATER,TYPE_GROUND,GROWTH_MEDIUM_FAST,NONE,NONE,0,
Charizard,CHARIZARD,78,84,78,100,109,85,534,TYPE_FIRE,TYPE_FLYING,GROWTH_MEDIUM_SLOW,NONE,NONE,0,
Dragonair,DRAGONAIR,61,84,65,70,70,70,420,TYPE_DRAGON,TYPE_DRAGON,GROWTH_SLOW,DRAGONITE,EVO_LEVEL,55,
Typhlosion,TYPHLOSION,78,84,78,100,109,85,534,TYPE_FIRE,TYPE_FIRE,GROWTH_MEDIUM_SLOW,NONE,NONE,0,
Typhlosion,TYPHLOSION_HISUI,73,84,78,95,119,85,534,TYPE_FIRE,TYPE_GHOST,GROWTH_MEDIUM_SLOW,NONE,NONE,0,
Pupitar,PUPITAR,70,84,70,51,65,70,410,TYPE_ROCK,TYPE_GROUND,GROWTH_SLOW,TYRANITAR,EVO_LEVEL,55,
Gorebyss,GOREBYSS,55,84,105,52,114,75,485,TYPE_WATER,TYPE_WATER,GROWTH_ERRATIC,NONE,NONE,0,"+1atk, +3speed, +1spatk, +20HP"
Arbok,ARBOK,60,85,69,80,65,79,438,TYPE_POISON,TYPE_POISON,GROWTH_MEDIUM_FAST,NONE,NONE,0,"+10 atk,+11def, +1spdef"
Poliwrath,POLIWRATH,90,85,95,70,70,90,500,TYPE_WATER,TYPE_FIGHTING,GROWTH_MEDIUM_SLOW,NONE,NONE,0,+10 atk
Raichu,RAICHU_ALOLA,60,85,50,100,95,85,475,TYPE_ELECTRIC,TYPE_PSYCHIC,GROWTH_MEDIUM_FAST,NONE,NONE,0,"+10 speed, +15 def"
Ponyta,PONYTA,50,85,55,90,65,65,410,TYPE_FIRE,TYPE_FIRE,GROWTH_MEDIUM_FAST,RAPIDASH,EVO_LEVEL,40,
Ponyta,PONYTA_GALAR,50,85,55,90,65,65,410,TYPE_PSYCHIC,TYPE_PSYCHIC,GROWTH_MEDIUM_FAST,RAPIDASH_GALAR,EVO_LEVEL,40,
Doduo,DODUO,35,85,45,75,35,35,310,TYPE_NORMAL,TYPE_FLYING,GROWTH_MEDIUM_FAST,DODRIO,EVO_LEVEL,31,
Steelix,STEELIX,75,85,200,30,55,65,510,TYPE_STEEL,TYPE_GROUND,GROWTH_MEDIUM_FAST,NONE,NONE,0,
Lickilicky,LICKILICKY,110,85,95,50,80,95,515,TYPE_NORMAL,TYPE_NORMAL,GROWTH_MEDIUM_FAST,NONE,NONE,0,
Rhyhorn,RHYHORN,80,85,95,25,30,30,345,TYPE_GROUND,TYPE_ROCK,GROWTH_SLOW,RHYDON,EVO_LEVEL,42,
Mr. Rime,MR_RIME,80,85,75,70,110,100,520,TYPE_ICE,TYPE_PSYCHIC,GROWTH_MEDIUM_FAST,NONE,NONE,0,
Lapras,LAPRAS,130,85,80,60,85,95,535,TYPE_WATER,TYPE_ICE,GROWTH_SLOW,NONE,NONE,0,
Munchlax,MUNCHLAX,135,85,40,5,40,85,390,TYPE_NORMAL,TYPE_NORMAL,GROWTH_SLOW,SNORLAX,EVO_FRIENDSHIP,0,
Articuno,ARTICUNO,90,85,100,85,95,125,580,TYPE_ICE,TYPE_FLYING,GROWTH_SLOW,NONE,NONE,0,
Articuno,ARTICUNO_GALAR,90,85,85,95,125,100,580,TYPE_PSYCHIC,TYPE_FLYING,GROWTH_SLOW,NONE,NONE,0,
Moltres,MOLTRES_GALAR,90,85,90,90,100,125,580,TYPE_DARK,TYPE_FLYING,GROWTH_SLOW,NONE,NONE,0,
Quagsire,QUAGSIRE,95,85,85,35,65,65,430,TYPE_WATER,TYPE_GROUND,GROWTH_MEDIUM_FAST,NONE,NONE,0,"+15atk, +15spatk, +10def, +5spdef"
Murkrow,MURKROW,60,85,42,91,85,42,405,TYPE_DARK,TYPE_FLYING,GROWTH_MEDIUM_SLOW,HONCHKROW,EVO_ITEM,ITEM_DUSK_STONE,
Raikou,RAIKOU,90,85,75,115,115,100,580,TYPE_ELECTRIC,TYPE_ELECTRIC,GROWTH_SLOW,NONE,NONE,0,
Sceptile,SCEPTILE,70,85,65,120,105,85,530,TYPE_GRASS,TYPE_GRASS,GROWTH_MEDIUM_SLOW,NONE,NONE,0,
Combusken,COMBUSKEN,60,85,60,55,85,60,405,TYPE_FIRE,TYPE_FIGHTING,GROWTH_MEDIUM_SLOW,BLAZIKEN,EVO_LEVEL,36,
Marshtomp,MARSHTOMP,70,85,70,50,60,70,405,TYPE_WATER,TYPE_GROUND,GROWTH_MEDIUM_SLOW,SWAMPERT,EVO_LEVEL,36,
Swellow,SWELLOW,60,85,60,125,50,50,430,TYPE_NORMAL,TYPE_FLYING,GROWTH_MEDIUM_SLOW,NONE,NONE,0,"+25 spatk, +15 spdef, +10def"
Mawile,MAWILE,50,85,85,50,55,55,380,UNKNOWN,UNKNOWN,GROWTH_FAST,NONE,NONE,0,"+15spdef, +10spatk, +20 atk"
Torkoal,TORKOAL,70,85,140,20,85,70,470,TYPE_FIRE,TYPE_FIRE,GROWTH_MEDIUM_FAST,NONE,NONE,0,+5 spdef
Cacnea,CACNEA,50,85,40,35,85,40,335,TYPE_GRASS,TYPE_GRASS,GROWTH_MEDIUM_SLOW,CACTURNE,EVO_LEVEL,32,
Bibarel,BIBAREL,79,85,60,71,55,60,410,TYPE_NORMAL,TYPE_WATER,GROWTH_MEDIUM_FAST,NONE,NONE,0,
Kricketune,KRICKETUNE,77,85,51,65,55,51,384,TYPE_BUG,TYPE_BUG,GROWTH_MEDIUM_SLOW,NONE,NONE,0,
Luxio,LUXIO,60,85,49,60,60,49,363,TYPE_ELECTRIC,TYPE_ELECTRIC,GROWTH_MEDIUM_SLOW,LUXRAY,EVO_LEVEL,30,
Empoleon,EMPOLEON,84,86,88,60,111,101,530,TYPE_WATER,TYPE_STEEL,GROWTH_MEDIUM_SLOW,NONE,NONE,0,
Grotle,GROTLE,75,89,85,36,55,65,405,TYPE_GRASS,TYPE_GRASS,GROWTH_MEDIUM_SLOW,TORTERRA,EVO_LEVEL,32,
Bronzong,BRONZONG,67,89,116,33,79,116,500,TYPE_STEEL,TYPE_PSYCHIC,GROWTH_MEDIUM_FAST,NONE,NONE,0,
Fearow,FEAROW,65,90,65,100,61,61,442,TYPE_NORMAL,TYPE_FLYING,GROWTH_MEDIUM_FAST,NONE,NONE,0,"+4 spatk, +4spdef, +10 atk, +5 hp"
Raichu,RAICHU,60,90,55,100,90,80,475,TYPE_ELECTRIC,TYPE_ELECTRIC,GROWTH_MEDIUM_FAST,NONE,NONE,0,"+10 speed, +15 def"
Crobat,CROBAT,85,90,80,130,70,80,535,TYPE_POISON,TYPE_FLYING,GROWTH_MEDIUM_FAST,NONE,NONE,0,
Weepinbell,WEEPINBELL,65,90,50,55,85,45,390,TYPE_GRASS,TYPE_POISON,GROWTH_MEDIUM_SLOW,VICTREEBEL,EVO_ITEM,ITEM_LEAF_STONE,
Weezing,WEEZING,65,90,120,60,85,70,490,TYPE_POISON,TYPE_POISON,GROWTH_MEDIUM_FAST,NONE,NONE,0,
Weezing,WEEZING_GALAR,65,90,120,60,85,70,490,TYPE_POISON,TYPE_FAIRY,GROWTH_MEDIUM_FAST,NONE,NONE,0,
Zapdos,ZAPDOS,90,90,85,100,125,90,580,TYPE_ELECTRIC,TYPE_FLYING,GROWTH_SLOW,NONE,NONE,0,
Ariados,ARIADOS,70,90,70,40,60,60,390,TYPE_BUG,TYPE_POISON,GROWTH_FAST,NONE,NONE,0,"+10 spdef, +30 speed, +10 atk, +10 spatk"
Farigiraf,FARIGIRAF,120,90,70,60,110,70,520,TYPE_NORMAL,TYPE_PSYCHIC,GROWTH_MEDIUM_FAST,NONE,NONE,0,
Forretress,FORRETRESS,75,90,140,40,60,60,465,TYPE_BUG,TYPE_STEEL,GROWTH_MEDIUM_FAST,NONE,NONE,0,"+30 spdef, +5 HP"
Houndoom,HOUNDOOM,75,90,50,95,110,80,500,TYPE_DARK,TYPE_FIRE,GROWTH_SLOW,NONE,NONE,0,
Lugia,LUGIA,106,90,130,110,90,154,680,TYPE_PSYCHIC,TYPE_FLYING,GROWTH_SLOW,NONE,NONE,0,
Mightyena,MIGHTYENA,70,90,70,70,60,60,420,TYPE_DARK,TYPE_DARK,GROWTH_MEDIUM_FAST,NONE,NONE,0,"+20 atk, +20def, +5 HP, +5 speed"
Obstagoon,OBSTAGOON,93,90,101,95,60,81,520,TYPE_DARK,TYPE_NORMAL,GROWTH_MEDIUM_FAST,NONE,NONE,0,
Ninjask,NINJASK,61,90,45,160,50,50,456,TYPE_BUG,TYPE_FLYING,GROWTH_ERRATIC,NONE,NONE,0,
Lairon,LAIRON,60,90,140,40,50,50,430,TYPE_STEEL,TYPE_ROCK,GROWTH_SLOW,AGGRON,EVO_LEVEL,42,
Carvanha,CARVANHA,45,90,20,65,65,20,305,TYPE_WATER,TYPE_DARK,GROWTH_SLOW,SHARPEDO,EVO_LEVEL,30,
Wailord,WAILORD,170,90,45,60,90,45,500,TYPE_WATER,TYPE_WATER,GROWTH_FLUCTUATING,NONE,NONE,0,
Kecleon,KECLEON,60,90,70,40,60,120,440,TYPE_NORMAL,TYPE_NORMAL,GROWTH_MEDIUM_SLOW,NONE,NONE,0,
Relicanth,RELICANTH,100,90,130,55,45,65,485,TYPE_WATER,TYPE_ROCK,GROWTH_SLOW,NONE,NONE,0,
Latios,LATIOS,80,90,80,110,130,110,600,TYPE_DRAGON,TYPE_PSYCHIC,GROWTH_SLOW,NONE,NONE,0,
Gabite,GABITE,68,90,65,82,50,55,410,TYPE_DRAGON,TYPE_GROUND,GROWTH_SLOW,GARCHOMP,EVO_LEVEL,48,
Drapion,DRAPION,70,90,110,95,60,75,500,TYPE_POISON,TYPE_DARK,GROWTH_SLOW,NONE,NONE,0,
Heatran,HEATRAN,91,90,106,77,130,106,600,TYPE_FIRE,TYPE_STEEL,GROWTH_SLOW,NONE,NONE,0,
Darkrai,DARKRAI,70,90,90,125,135,90,600,TYPE_DARK,TYPE_DARK,GROWTH_SLOW,NONE,NONE,0,
Exploud,EXPLOUD,104,91,63,68,91,63,480,TYPE_NORMAL,TYPE_NORMAL,GROWTH_MEDIUM_SLOW,NONE,NONE,0,"+10 spdef, +10 speed, +10 atk, +10 spatk"
Nidoking,NIDOKING,81,92,77,85,85,75,495,TYPE_POISON,TYPE_GROUND,GROWTH_MEDIUM_SLOW,NONE,NONE,0,+10 atk
Seaking,SEAKING,80,92,65,68,65,80,450,TYPE_WATER,TYPE_WATER,GROWTH_MEDIUM_FAST,NONE,NONE,0,"+10 def, +5 spdef, +5 spatk"
Spiritomb,SPIRITOMB,50,92,108,35,92,108,485,TYPE_GHOST,TYPE_DARK,GROWTH_MEDIUM_FAST,NONE,NONE,0,
Abomasnow,ABOMASNOW,90,92,75,60,92,85,494,TYPE_GRASS,TYPE_ICE,GROWTH_SLOW,NONE,NONE,0,"+3atk, +3 spatk"
Skuntank,SKUNTANK,103,93,67,84,71,61,479,TYPE_POISON,TYPE_DARK,GROWTH_MEDIUM_FAST,NONE,NONE,0,
Parasect,PARASECT,60,95,80,30,60,80,405,TYPE_BUG,TYPE_GRASS,GROWTH_MEDIUM_FAST,NONE,NONE,0,"+20spdef, +20def, +20 hp"
Graveler,GRAVELER,55,95,115,35,45,45,390,TYPE_ROCK,TYPE_GROUND,GROWTH_MEDIUM_SLOW,GOLEM,EVO_LEVEL,32,
Graveler,GRAVELER,55,95,115,35,45,45,390,TYPE_ROCK,TYPE_GROUND,GROWTH_MEDIUM_SLOW,GOLEM,EVO_ITEM,ITEM_LINKING_CORD,
Graveler,GRAVELER_ALOLA,55,95,115,35,45,45,390,TYPE_ROCK,TYPE_ELECTRIC,GROWTH_MEDIUM_SLOW,GOLEM_ALOLA,EVO_LEVEL,32,
Graveler,GRAVELER_ALOLA,55,95,115,35,45,45,390,TYPE_ROCK,TYPE_ELECTRIC,GROWTH_MEDIUM_SLOW,GOLEM_ALOLA,EVO_ITEM,ITEM_LINKING_CORD,
Cloyster,CLOYSTER,50,95,180,70,85,45,525,TYPE_WATER,TYPE_ICE,GROWTH_SLOW,NONE,NONE,0,
Exeggutor,EXEGGUTOR,95,95,85,55,125,65,520,TYPE_GRASS,TYPE_PSYCHIC,GROWTH_SLOW,NONE,NONE,0,
Hitmontop,HITMONTOP,50,95,95,70,35,110,455,TYPE_FIGHTING,TYPE_FIGHTING,GROWTH_MEDIUM_FAST,NONE,NONE,0,
Kangaskhan,KANGASKHAN,105,95,80,90,40,80,490,TYPE_NORMAL,TYPE_NORMAL,GROWTH_MEDIUM_FAST,NONE,NONE,0,
Kingdra,KINGDRA,75,95,95,85,95,95,540,TYPE_WATER,TYPE_DRAGON,GROWTH_MEDIUM_FAST,NONE,NONE,0,
Magmar,MAGMAR,65,95,57,93,100,85,495,TYPE_FIRE,TYPE_FIRE,GROWTH_MEDIUM_FAST,MAGMORTAR,EVO_ITEM,ITEM_MAGMARIZER,
Magmortar,MAGMORTAR,75,95,67,83,125,95,540,TYPE_FIRE,TYPE_FIRE,GROWTH_MEDIUM_FAST,NONE,NONE,0,
Gliscor,GLISCOR,75,95,125,95,45,75,510,TYPE_GROUND,TYPE_FLYING,GROWTH_MEDIUM_SLOW,NONE,NONE,0,+15 spdef
Qwilfish,QWILFISH,65,95,0,85,55,55,355,TYPE_WATER,TYPE_POISON,GROWTH_MEDIUM_FAST,NONE,NONE,0,+10 def
Qwilfish,QWILFISH_HISUI,65,95,0,85,55,55,355,TYPE_DARK,TYPE_POISON,GROWTH_MEDIUM_FAST,OVERQWIL,EVO_MOVE,MOVE_BARB_BARRAGE,+10 def
Sneasel,SNEASEL,55,95,55,115,35,75,430,TYPE_DARK,TYPE_ICE,GROWTH_MEDIUM_SLOW,WEAVILE,EVO_ITEM_HOLD,ITEM_RAZOR_CLAW,
Sneasel,SNEASEL,55,95,55,115,35,75,430,TYPE_DARK,TYPE_ICE,GROWTH_MEDIUM_SLOW,WEAVILE,EVO_ITEM,ITEM_RAZOR_CLAW,
Sneasel,SNEASEL_HISUI,55,95,55,115,35,75,430,TYPE_FIGHTING,TYPE_POISON,GROWTH_MEDIUM_SLOW,SNEASLER,EVO_ITEM_HOLD,ITEM_RAZOR_CLAW,
Sneasel,SNEASEL_HISUI,55,95,55,115,35,75,430,TYPE_FIGHTING,TYPE_POISON,GROWTH_MEDIUM_SLOW,SNEASLER,EVO_ITEM,ITEM_RAZOR_CLAW,
Cursola,CURSOLA,60,95,50,30,145,130,510,TYPE_GHOST,TYPE_GHOST,GROWTH_FAST,NONE,NONE,0,
Stantler,STANTLER,73,95,62,85,85,65,465,TYPE_NORMAL,TYPE_NORMAL,GROWTH_SLOW,WYRDEER,EVO_USE_MOVE_TWENTY_TIMES,MOVE_PSYSHIELD_BASH,"+2HP, +3def, +5 spatk, +5 spdef"
Solrock,SOLROCK,70,95,85,70,55,65,440,TYPE_ROCK,TYPE_PSYCHIC,GROWTH_FAST,NONE,NONE,0,+20 to HP
Anorith,ANORITH,45,95,50,75,40,50,355,TYPE_ROCK,TYPE_BUG,GROWTH_ERRATIC,ARMALDO,EVO_LEVEL,40,
Shelgon,SHELGON,65,95,100,50,60,50,420,TYPE_DRAGON,TYPE_DRAGON,GROWTH_SLOW,SALAMENCE,EVO_LEVEL,50,
Deoxys,DEOXYS_SPEED,50,95,90,180,95,90,600,TYPE_PSYCHIC,TYPE_PSYCHIC,GROWTH_SLOW,NONE,NONE,0,
Dugtrio,DUGTRIO,35,100,50,120,50,70,425,TYPE_GROUND,TYPE_GROUND,GROWTH_MEDIUM_FAST,NONE,NONE,0,"+20 atk, +5spdef"
Dugtrio,DUGTRIO_ALOLA,35,100,60,110,50,70,425,TYPE_GROUND,TYPE_STEEL,GROWTH_MEDIUM_FAST,NONE,NONE,0,"+20 atk, +5spdef"
Sandslash,SANDSLASH,75,100,110,65,45,55,450,TYPE_GROUND,TYPE_GROUND,GROWTH_MEDIUM_FAST,NONE,NONE,0,
Sandslash,SANDSLASH_ALOLA,75,100,120,65,25,65,450,TYPE_ICE,TYPE_STEEL,GROWTH_MEDIUM_FAST,NONE,NONE,0,
Machoke,MACHOKE,80,100,70,45,50,60,405,TYPE_FIGHTING,TYPE_FIGHTING,GROWTH_MEDIUM_SLOW,MACHAMP,EVO_LEVEL,38,
Machoke,MACHOKE,80,100,70,45,50,60,405,TYPE_FIGHTING,TYPE_FIGHTING,GROWTH_MEDIUM_SLOW,MACHAMP,EVO_ITEM,ITEM_LINKING_CORD,
Rapidash,RAPIDASH,65,100,70,105,80,80,500,TYPE_FIRE,TYPE_FIRE,GROWTH_MEDIUM_FAST,NONE,NONE,0,
Rapidash,RAPIDASH_GALAR,65,100,70,105,80,80,500,TYPE_PSYCHIC,TYPE_FAIRY,GROWTH_MEDIUM_FAST,NONE,NONE,0,
Slowbro,SLOWBRO_GALAR,95,100,95,30,100,70,490,TYPE_POISON,TYPE_PSYCHIC,GROWTH_MEDIUM_FAST,NONE,NONE,0,"+5HP, +5Atk, +5 def, +5 spatk"
Tangrowth,TANGROWTH,100,100,125,50,110,50,535,TYPE_GRASS,TYPE_GRASS,GROWTH_MEDIUM_FAST,NONE,NONE,0,
Tauros,TAUROS,75,100,95,110,40,70,490,TYPE_NORMAL,TYPE_NORMAL,GROWTH_SLOW,NONE,NONE,0,
Moltres,MOLTRES,90,100,90,90,125,85,580,TYPE_FIRE,TYPE_FLYING,GROWTH_SLOW,NONE,NONE,0,
Mew,MEW,100,100,100,100,100,100,600,TYPE_PSYCHIC,TYPE_PSYCHIC,GROWTH_MEDIUM_SLOW,NONE,NONE,0,
Sudowoodo,SUDOWOODO,70,100,115,30,30,65,410,TYPE_ROCK,TYPE_ROCK,GROWTH_MEDIUM_FAST,NONE,NONE,0,
Ambipom,AMBIPOM,75,100,66,115,60,66,482,TYPE_NORMAL,TYPE_NORMAL,GROWTH_FAST,NONE,NONE,0,
Dudunsparce,DUDUNSPARCE_TWO_SEGMENT,125,100,80,55,85,75,520,TYPE_NORMAL,TYPE_NORMAL,GROWTH_MEDIUM_FAST,NONE,NONE,0,
Dudunsparce,DUDUNSPARCE_THREE_SEGMENT,125,100,80,55,85,75,520,TYPE_NORMAL,TYPE_NORMAL,GROWTH_MEDIUM_FAST,NONE,NONE,0,
Piloswine,PILOSWINE,100,100,80,50,60,60,450,TYPE_ICE,TYPE_GROUND,GROWTH_SLOW,MAMOSWINE,EVO_MOVE,MOVE_ANCIENT_POWER,
Celebi,CELEBI,100,100,100,100,100,100,600,TYPE_PSYCHIC,TYPE_GRASS,GROWTH_MEDIUM_SLOW,NONE,NONE,0,
Shiftry,SHIFTRY,90,100,60,80,90,60,480,TYPE_GRASS,TYPE_DARK,GROWTH_MEDIUM_SLOW,NONE,NONE,0,"+10 atk, spatk"
Shedinja,SHEDINJA,1,100,45,85,75,30,336,TYPE_BUG,TYPE_GHOST,GROWTH_ERRATIC,NONE,NONE,0,"+20 spatk, +5 atk"
Camerupt,CAMERUPT,70,100,70,40,105,75,460,TYPE_FIRE,TYPE_GROUND,GROWTH_MEDIUM_FAST,NONE,NONE,0,+25 spdef
Trapinch,TRAPINCH,50,100,45,15,45,45,300,TYPE_GROUND,TYPE_GROUND,GROWTH_MEDIUM_SLOW,VIBRAVA,EVO_LEVEL,35,
Flygon,FLYGON,80,100,80,100,80,80,520,TYPE_GROUND,TYPE_DRAGON,GROWTH_MEDIUM_SLOW,NONE,NONE,0,
Seviper,SEVIPER,73,100,60,65,100,60,458,TYPE_POISON,TYPE_POISON,GROWTH_FLUCTUATING,NONE,NONE,0,
Dusknoir,DUSKNOIR,45,100,135,45,65,135,525,TYPE_GHOST,TYPE_GHOST,GROWTH_FAST,NONE,NONE,0,
Regirock,REGIROCK,80,100,200,50,50,100,580,TYPE_ROCK,TYPE_ROCK,GROWTH_SLOW,NONE,NONE,0,
Kyogre,KYOGRE,100,100,90,90,150,140,670,TYPE_WATER,TYPE_WATER,GROWTH_SLOW,NONE,NONE,0,
Jirachi,JIRACHI,100,100,100,100,100,100,600,TYPE_STEEL,TYPE_PSYCHIC,GROWTH_SLOW,NONE,NONE,0,
Carnivine,CARNIVINE,74,100,72,46,90,72,454,TYPE_GRASS,TYPE_GRASS,GROWTH_SLOW,NONE,NONE,0,
Dialga,DIALGA_ORIGIN,100,100,120,90,150,120,680,TYPE_STEEL,TYPE_DRAGON,GROWTH_SLOW,NONE,NONE,0,
Palkia,PALKIA_ORIGIN,90,100,100,120,150,120,680,TYPE_WATER,TYPE_DRAGON,GROWTH_SLOW,NONE,NONE,0,
Giratina,GIRATINA_ALTERED,150,100,120,90,100,120,680,TYPE_GHOST,TYPE_DRAGON,GROWTH_SLOW,NONE,NONE,0,
Manaphy,MANAPHY,100,100,100,100,100,100,600,TYPE_WATER,TYPE_WATER,GROWTH_SLOW,NONE,NONE,0,
Shaymin,SHAYMIN_LAND,100,100,100,100,100,100,600,TYPE_GRASS,TYPE_GRASS,GROWTH_MEDIUM_SLOW,NONE,NONE,0,
Shaymin,SHAYMIN_SKY,100,103,75,127,120,75,600,TYPE_GRASS,TYPE_FLYING,GROWTH_MEDIUM_SLOW,NONE,NONE,0,
Huntail,HUNTAIL,55,104,105,52,94,75,485,TYPE_WATER,TYPE_WATER,GROWTH_ERRATIC,NONE,NONE,0,"+2atk, +3speed, +1spatk, +20HP"
Infernape,INFERNAPE,76,104,71,108,104,71,534,TYPE_FIRE,TYPE_FIGHTING,GROWTH_MEDIUM_SLOW,NONE,NONE,0,
Primeape,PRIMEAPE,65,105,60,95,60,70,455,TYPE_FIGHTING,TYPE_FIGHTING,GROWTH_MEDIUM_FAST,ANNIHILAPE,EVO_USE_MOVE_TWENTY_TIMES,MOVE_RAGE_FIST,
Victreebel,VICTREEBEL,80,105,65,70,100,60,480,TYPE_GRASS,TYPE_POISON,GROWTH_MEDIUM_SLOW,NONE,NONE,0,"+10atk, +10spatk, +5 deg + 5 spdef"
Muk,MUK,105,105,75,50,65,100,500,TYPE_POISON,TYPE_POISON,GROWTH_MEDIUM_FAST,NONE,NONE,0,
Muk,MUK_ALOLA,105,105,75,50,65,100,500,TYPE_POISON,TYPE_DARK,GROWTH_MEDIUM_FAST,NONE,NONE,0,
Krabby,KRABBY,30,105,90,50,25,25,325,TYPE_WATER,TYPE_WATER,GROWTH_MEDIUM_FAST,KINGLER,EVO_LEVEL,28,
Exeggutor,EXEGGUTOR_ALOLA,95,105,85,45,125,65,520,TYPE_GRASS,TYPE_DRAGON,GROWTH_SLOW,NONE,NONE,0,
Hitmonchan,HITMONCHAN,50,105,79,76,35,110,455,TYPE_FIGHTING,TYPE_FIGHTING,GROWTH_MEDIUM_FAST,NONE,NONE,0,
Aerodactyl,AERODACTYL,80,105,65,130,60,75,515,TYPE_ROCK,TYPE_FLYING,GROWTH_SLOW,NONE,NONE,0,
Feraligatr,FERALIGATR,85,105,100,78,79,83,530,TYPE_WATER,TYPE_WATER,GROWTH_MEDIUM_SLOW,NONE,NONE,0,
Octillery,OCTILLERY,75,105,75,45,105,75,480,TYPE_WATER,TYPE_WATER,GROWTH_MEDIUM_FAST,NONE,NONE,0,+10 speed
Wyrdeer,WYRDEER,103,105,72,65,105,75,525,TYPE_NORMAL,TYPE_PSYCHIC,GROWTH_SLOW,NONE,NONE,0,
Floatzel,FLOATZEL,85,105,55,115,85,50,495,TYPE_WATER,TYPE_WATER,GROWTH_MEDIUM_FAST,NONE,NONE,0,
Mesprit,MESPRIT,80,105,105,80,105,105,580,TYPE_PSYCHIC,TYPE_PSYCHIC,GROWTH_SLOW,NONE,NONE,0,
Toxicroak,TOXICROAK,83,106,65,85,86,65,490,TYPE_POISON,TYPE_FIGHTING,GROWTH_MEDIUM_FAST,NONE,NONE,0,"+5 def, +5 spdef"
Torterra,TORTERRA,95,109,105,56,75,85,525,TYPE_GRASS,TYPE_GROUND,GROWTH_MEDIUM_SLOW,NONE,NONE,0,
Golem,GOLEM,80,110,130,45,55,65,485,TYPE_ROCK,TYPE_GROUND,GROWTH_MEDIUM_SLOW,NONE,NONE,0,"+20 HP, +5 spdef"
Golem,GOLEM_ALOLA,80,110,130,45,55,65,485,TYPE_ROCK,TYPE_ELECTRIC,GROWTH_MEDIUM_SLOW,NONE,NONE,0,"+20 HP, +5 spdef"
Perrserker,PERRSERKER,70,110,100,50,50,60,440,TYPE_STEEL,TYPE_STEEL,GROWTH_MEDIUM_FAST,NONE,NONE,0,+10 spdef
Arcanine,ARCANINE,90,110,80,95,100,80,555,TYPE_FIRE,TYPE_FIRE,GROWTH_SLOW,NONE,NONE,0,
Dodrio,DODRIO,60,110,70,100,60,60,460,TYPE_NORMAL,TYPE_FLYING,GROWTH_MEDIUM_FAST,NONE,NONE,0,+10 speed
Scyther,SCYTHER,70,110,80,105,55,80,500,TYPE_BUG,TYPE_FLYING,GROWTH_MEDIUM_FAST,KLEAVOR,EVO_ITEM,ITEM_BLACK_AUGURITE,
Scyther,SCYTHER,70,110,80,105,55,80,500,TYPE_BUG,TYPE_FLYING,GROWTH_MEDIUM_FAST,SCIZOR,EVO_ITEM,ITEM_METAL_COAT,
Tauros,TAUROS_PALDEA_COMBAT,75,110,105,100,30,70,490,TYPE_FIGHTING,TYPE_FIGHTING,GROWTH_SLOW,NONE,NONE,0,
Tauros,TAUROS_PALDEA_BLAZE,75,110,105,100,30,70,490,TYPE_FIGHTING,TYPE_FIRE,GROWTH_SLOW,NONE,NONE,0,
Tauros,TAUROS_PALDEA_AQUA,75,110,105,100,30,70,490,TYPE_FIGHTING,TYPE_WATER,GROWTH_SLOW,NONE,NONE,0,
Leafeon,LEAFEON,65,110,130,95,60,65,525,TYPE_GRASS,TYPE_GRASS,GROWTH_MEDIUM_FAST,NONE,NONE,0,
Snorlax,SNORLAX,160,110,65,30,65,110,540,TYPE_NORMAL,TYPE_NORMAL,GROWTH_SLOW,NONE,NONE,0,
Mewtwo,MEWTWO,106,110,90,130,154,90,680,TYPE_PSYCHIC,TYPE_PSYCHIC,GROWTH_SLOW,NONE,NONE,0,
Swampert,SWAMPERT,100,110,90,60,85,90,535,TYPE_WATER,TYPE_GROUND,GROWTH_MEDIUM_SLOW,NONE,NONE,0,
Aggron,AGGRON,70,110,180,50,60,60,530,TYPE_STEEL,TYPE_ROCK,GROWTH_SLOW,NONE,NONE,0,
Lucario,LUCARIO,70,110,70,90,115,70,525,TYPE_FIGHTING,TYPE_STEEL,GROWTH_MEDIUM_SLOW,NONE,NONE,0,
Hippowdon,HIPPOWDON,108,112,118,47,68,72,525,TYPE_GROUND,TYPE_GROUND,GROWTH_SLOW,NONE,NONE,0,
Annihilape,ANNIHILAPE,110,115,80,90,50,90,535,TYPE_FIGHTING,TYPE_GHOST,GROWTH_MEDIUM_FAST,NONE,NONE,0,
Arcanine,ARCANINE_HISUI,95,115,80,90,95,80,555,TYPE_FIRE,TYPE_ROCK,GROWTH_SLOW,NONE,NONE,0,
Kabutops,KABUTOPS,60,115,105,80,65,70,495,TYPE_ROCK,TYPE_WATER,GROWTH_MEDIUM_FAST,NONE,NONE,0,
Overqwil,OVERQWIL,85,115,95,85,65,65,510,TYPE_DARK,TYPE_POISON,GROWTH_MEDIUM_FAST,NONE,NONE,0,
Entei,ENTEI,115,115,85,100,90,75,580,TYPE_FIRE,TYPE_FIRE,GROWTH_SLOW,NONE,NONE,0,
Cacturne,CACTURNE,70,115,60,55,115,60,475,TYPE_GRASS,TYPE_DARK,GROWTH_MEDIUM_SLOW,NONE,NONE,0,"+5def, +5 spdef"
Zangoose,ZANGOOSE,73,115,60,90,60,60,458,TYPE_NORMAL,TYPE_NORMAL,GROWTH_ERRATIC,NONE,NONE,0,
Banette,BANETTE,64,115,65,65,83,63,455,TYPE_GHOST,TYPE_GHOST,GROWTH_FAST,NONE,NONE,0,"+1 HP, +2spatk, +2spdef, +15 speed"
Hitmonlee,HITMONLEE,50,120,53,87,35,110,455,TYPE_FIGHTING,TYPE_FIGHTING,GROWTH_MEDIUM_FAST,NONE,NONE,0,
Granbull,GRANBULL,90,120,75,45,60,60,450,TYPE_FAIRY,TYPE_FAIRY,GROWTH_FAST,NONE,NONE,0,
Weavile,WEAVILE,70,120,65,125,45,85,510,TYPE_DARK,TYPE_ICE,GROWTH_MEDIUM_SLOW,NONE,NONE,0,
Donphan,DONPHAN,90,120,120,50,60,60,500,TYPE_GROUND,TYPE_GROUND,GROWTH_MEDIUM_FAST,NONE,NONE,0,
Blaziken,BLAZIKEN,80,120,70,80,110,70,530,TYPE_FIRE,TYPE_FIGHTING,GROWTH_MEDIUM_SLOW,NONE,NONE,0,
Hariyama,HARIYAMA,144,120,60,50,40,60,474,TYPE_FIGHTING,TYPE_FIGHTING,GROWTH_FLUCTUATING,NONE,NONE,0,"+5 def, +5 spdef"
Sharpedo,SHARPEDO,70,120,40,95,95,40,460,TYPE_WATER,TYPE_DARK,GROWTH_SLOW,NONE,NONE,0,"+5 def, +5 spdef, +5 atk"
Crawdaunt,CRAWDAUNT,63,120,85,55,90,55,468,TYPE_WATER,TYPE_DARK,GROWTH_FLUCTUATING,NONE,NONE,0,"+10 speed, +2 hp"
Staraptor,STARAPTOR,85,120,70,100,50,50,475,TYPE_NORMAL,TYPE_FLYING,GROWTH_MEDIUM_SLOW,NONE,NONE,0,+10 spdef
Luxray,LUXRAY,80,120,79,70,95,79,523,TYPE_ELECTRIC,TYPE_ELECTRIC,GROWTH_MEDIUM_SLOW,NONE,NONE,0,
Dialga,DIALGA,100,120,120,90,150,100,680,TYPE_STEEL,TYPE_DRAGON,GROWTH_SLOW,NONE,NONE,0,
Palkia,PALKIA,90,120,100,100,150,120,680,TYPE_WATER,TYPE_DRAGON,GROWTH_SLOW,NONE,NONE,0,
Giratina,GIRATINA_ORIGIN,150,120,100,90,120,100,680,TYPE_GHOST,TYPE_DRAGON,GROWTH_SLOW,NONE,NONE,0,
Electivire,ELECTIVIRE,75,123,67,95,95,85,540,TYPE_ELECTRIC,TYPE_ELECTRIC,GROWTH_MEDIUM_FAST,NONE,NONE,0,
Pinsir,PINSIR,65,125,100,85,55,70,500,TYPE_BUG,TYPE_BUG,GROWTH_SLOW,NONE,NONE,0,
Gyarados,GYARADOS,95,125,79,81,60,100,540,TYPE_WATER,TYPE_FLYING,GROWTH_SLOW,NONE,NONE,0,
Zapdos,ZAPDOS_GALAR,90,125,90,100,85,90,580,TYPE_FIGHTING,TYPE_FLYING,GROWTH_SLOW,NONE,NONE,0,
Honchkrow,HONCHKROW,100,125,52,71,105,52,505,TYPE_DARK,TYPE_FLYING,GROWTH_MEDIUM_SLOW,NONE,NONE,0,"+3 def, +4speed, +3 spdef"
Heracross,HERACROSS,80,125,75,85,40,95,500,TYPE_BUG,TYPE_FIGHTING,GROWTH_SLOW,NONE,NONE,0,
Gallade,GALLADE,68,125,65,80,65,115,518,TYPE_PSYCHIC,TYPE_FIGHTING,GROWTH_SLOW,NONE,NONE,0,
Armaldo,ARMALDO,75,125,100,45,70,80,495,TYPE_ROCK,TYPE_BUG,GROWTH_ERRATIC,NONE,NONE,0,
Cranidos,CRANIDOS,67,125,40,58,30,30,350,TYPE_ROCK,TYPE_ROCK,GROWTH_ERRATIC,RAMPARDOS,EVO_LEVEL,30,
Azelf,AZELF,75,125,70,115,125,70,580,TYPE_PSYCHIC,TYPE_PSYCHIC,GROWTH_SLOW,NONE,NONE,0,
Machamp,MACHAMP,90,130,80,55,65,85,505,TYPE_FIGHTING,TYPE_FIGHTING,GROWTH_MEDIUM_SLOW,NONE,NONE,0,"+10 spdef, +10 HP"
Kingler,KINGLER,55,130,115,75,50,50,475,TYPE_WATER,TYPE_WATER,GROWTH_MEDIUM_FAST,NONE,NONE,0,+10 HP
Rhydon,RHYDON,105,130,120,40,45,45,485,TYPE_GROUND,TYPE_ROCK,GROWTH_SLOW,RHYPERIOR,EVO_ITEM,ITEM_PROTECTOR,
Scizor,SCIZOR,70,130,100,65,55,80,500,TYPE_BUG,TYPE_STEEL,GROWTH_MEDIUM_FAST,NONE,NONE,0,
Flareon,FLAREON,65,130,60,65,95,110,525,TYPE_FIRE,TYPE_FIRE,GROWTH_MEDIUM_FAST,NONE,NONE,0,
Sneasler,SNEASLER,80,130,60,120,40,80,510,TYPE_FIGHTING,TYPE_POISON,GROWTH_MEDIUM_SLOW,NONE,NONE,0,
Ursaring,URSARING,90,130,75,55,75,75,500,TYPE_NORMAL,TYPE_NORMAL,GROWTH_MEDIUM_FAST,URSALUNA,EVO_ITEM,ITEM_PEAT_BLOCK,
Ursaring,URSARING,90,130,75,55,75,75,500,TYPE_NORMAL,TYPE_NORMAL,GROWTH_MEDIUM_FAST,URSALUNA_BLOODMOON,EVO_NONE,0,
Mamoswine,MAMOSWINE,110,130,80,80,70,60,530,TYPE_ICE,TYPE_GROUND,GROWTH_SLOW,NONE,NONE,0,
Ho-Oh,HO_OH,106,130,90,90,110,154,680,TYPE_FIRE,TYPE_FLYING,GROWTH_SLOW,NONE,NONE,0,
Breloom,BRELOOM,60,130,80,70,60,60,460,TYPE_GRASS,TYPE_FIGHTING,GROWTH_FLUCTUATING,NONE,NONE,0,"+10 speed, +10 def, +10 HP"
Absol,ABSOL,65,130,60,75,75,60,465,TYPE_DARK,TYPE_DARK,GROWTH_MEDIUM_SLOW,NONE,NONE,0,+20 speed
Garchomp,GARCHOMP,108,130,95,102,80,85,600,TYPE_DRAGON,TYPE_GROUND,GROWTH_SLOW,NONE,NONE,0,
Dragonite,DRAGONITE,91,134,95,80,100,100,600,TYPE_DRAGON,TYPE_FLYING,GROWTH_SLOW,NONE,NONE,0,
Tyranitar,TYRANITAR,100,134,110,61,95,100,600,TYPE_ROCK,TYPE_DARK,GROWTH_SLOW,NONE,NONE,0,
Sirfetch'd,SIRFETCHD,62,135,95,65,68,82,507,TYPE_FIGHTING,TYPE_FIGHTING,GROWTH_MEDIUM_FAST,NONE,NONE,0,
Kleavor,KLEAVOR,70,135,95,85,45,70,500,TYPE_BUG,TYPE_ROCK,GROWTH_MEDIUM_FAST,NONE,NONE,0,
Salamence,SALAMENCE,95,135,80,100,110,80,600,TYPE_DRAGON,TYPE_FLYING,GROWTH_SLOW,NONE,NONE,0,
Metagross,METAGROSS,80,135,130,70,95,90,600,TYPE_STEEL,TYPE_PSYCHIC,GROWTH_SLOW,NONE,NONE,0,
Rhyperior,RHYPERIOR,115,140,130,40,55,55,535,TYPE_GROUND,TYPE_ROCK,GROWTH_SLOW,NONE,NONE,0,
Ursaluna,URSALUNA,130,140,105,50,45,80,550,TYPE_GROUND,TYPE_NORMAL,GROWTH_MEDIUM_FAST,NONE,NONE,0,
Groudon,GROUDON,100,150,140,90,100,90,670,TYPE_GROUND,TYPE_GROUND,GROWTH_SLOW,NONE,NONE,0,
Rayquaza,RAYQUAZA,105,150,90,95,150,90,680,TYPE_DRAGON,TYPE_FLYING,GROWTH_SLOW,NONE,NONE,0,
Deoxys,DEOXYS_NORMAL,50,150,50,150,150,50,600,TYPE_PSYCHIC,TYPE_PSYCHIC,GROWTH_SLOW,NONE,NONE,0,
Slaking,SLAKING,150,160,100,100,95,65,670,TYPE_NORMAL,TYPE_NORMAL,GROWTH_SLOW,NONE,NONE,0,
Regigigas,REGIGIGAS,110,160,110,100,80,110,670,TYPE_NORMAL,TYPE_NORMAL,GROWTH_SLOW,NONE,NONE,0,
Rampardos,RAMPARDOS,97,165,60,58,65,50,495,TYPE_ROCK,TYPE_ROCK,GROWTH_ERRATIC,NONE,NONE,0,
Deoxys,DEOXYS_ATTACK,50,180,20,150,180,20,600,TYPE_PSYCHIC,TYPE_PSYCHIC,GROWTH_SLOW,NONE,NONE,0,
